,Name,Team,Pos,AVG,ESPN,CBS,Yahoo,Underdog,Fantrax,ESPN AAV,Status,Injury
1,Victor Wembanyama,SAS,C,2.2,3.39,-,2.00,1.20,1.53,76.45,GTD,Rest
2,Nikola Jokic,DEN,C,2.0,1.67,-,2.40,1.90,1.75,77.53,,
3,Giannis Antetokounmpo,MIL,F,5.1,5.32,-,6.70,3.30,5.81,65.13,GTD,Rest
4,Luka Doncic,DAL,G,3.5,2.88,-,3.80,3.80,3.06,73.76,GTD,Calf
5,Shai Gilgeous-Alexander,OKC,G,4.6,3.97,-,4.50,5.20,4.12,69.44,,
6,Jayson Tatum,BOS,F,8.4,9.34,-,9.50,6.30,8.26,56.75,,
7,Domantas Sabonis,SAC,C,10.3,8.56,-,14.60,7.80,13.34,55.99,,
8,Anthony Davis,LAL,C,8.9,11.04,-,7.40,8.20,6.93,54.75,GTD,Rest
9,Anthony Edwards,MIN,G,9.4,8.64,-,10.10,9.60,11.91,58.80,GTD,Rest
10,Joel Embiid,PHI,C,10.5,11.19,-,9.60,10.60,8.46,55.23,GTD,Knee
11,Scottie Barnes,TOR,F,16.7,20.34,-,19.00,10.90,18.48,40.40,,
12,Paolo Banchero,ORL,F,24.7,26.98,-,34.60,12.50,40.34,27.76,,
13,Trae Young,ATL,G,14.3,17.52,-,12.50,12.80,11.54,44.58,GTD,Rest
14,LeBron James,LAL,F,17.6,14.12,-,24.20,14.40,22.33,44.39,GTD,Rest
15,Tyrese Haliburton,IND,G,10.7,8.95,-,8.40,14.80,8.1,57.73,,
16,Kevin Durant,PHO,F,17.9,19.03,-,18.30,16.50,16.12,39.81,,
17,Jalen Brunson,NYK,G,17.0,14.38,-,19.10,17.40,22.61,43.73,,
18,Ja Morant,MEM,G,23.4,16.17,-,35.20,18.70,32.48,42.67,,
19,Pascal Siakam,IND,F,32.5,29.75,-,48.30,19.30,48.09,25.81,,
20,Alperen Sengun,HOU,C,25.5,29.27,-,27.70,19.40,25.57,28.90,,
21,Jaylen Brown,BOS,F,32.4,34.06,-,40.90,22.10,45.93,21.05,,
22,De'Aaron Fox,SAC,G,23.2,21.23,-,26.10,22.40,25.03,36.28,GTD,Rest
23,Chet Holmgren,OKC,C,23.2,29.10,-,17.60,22.90,17.58,34.24,,
24,Devin Booker,PHO,G,21.5,19.51,-,20.00,25.00,18.55,36.90,,
25,Donovan Mitchell,CLE,G,19.8,16.07,-,17.00,26.30,15.77,45.74,,
T26,LaMelo Ball,CHA,G,26.3,29.48,-,22.30,27.20,20.62,32.13,,
T26,Bam Adebayo,MIA,C,31.3,34.41,-,32.20,27.20,33.04,22.96,GTD,Rest
28,James Harden,LAC,G,24.1,28.55,-,16.20,27.50,18.77,31.00,GTD,Rest
29,Jalen Johnson,ATL,F,43.9,60.12,-,41.40,30.30,41.01,13.35,GTD,Rest
30,Stephen Curry,GSW,G,21.9,22.57,-,12.40,30.70,14.14,36.51,GTD,Finger
31,DeMar DeRozan,SAC,F,40.5,36.71,-,54.10,30.80,51.01,18.01,GTD,Undisclosed
32,Tyrese Maxey,PHI,G,28.0,25.15,-,27.80,30.90,29.75,30.70,GTD,Thumb
33,Damian Lillard,MIL,G,28.3,27.98,-,24.30,32.60,25.26,29.91,GTD,Rest
34,Karl-Anthony Towns,NYK,F,25.9,21.70,-,22.10,33.80,31.18,38.43,,
35,Julius Randle,MIN,F,50.4,53.51,-,63.60,34.10,59.44,12.71,GTD,Rest
36,Zion Williamson,NOP,F,40.1,37.83,-,46.60,35.90,42.34,19.84,GTD,Rest
37,Lauri Markkanen,UTA,F,35.3,39.60,-,30.10,36.10,34.55,21.17,,
38,Dejounte Murray,NOP,G,37.2,38.50,-,35.60,37.60,35.52,19.29,,
39,Cade Cunningham,DET,G,34.5,31.16,-,34.00,38.30,35.47,25.85,,
40,Miles Bridges,CHA,F,51.3,54.43,-,58.20,41.40,62.03,10.47,,
41,Paul George,PHI,G,40.7,47.92,-,32.10,42.00,29.28,17.58,GTD,Knee
42,Evan Mobley,CLE,F,48.7,64.87,-,39.00,42.10,38.17,12.03,,
43,Franz Wagner,ORL,F,50.5,62.50,-,46.10,42.90,50.75,10.07,,
44,Kyrie Irving,DAL,G,35.1,33.10,-,26.60,45.70,24.71,23.17,,
45,Mikal Bridges,NYK,F,51.0,52.01,-,54.70,46.20,57.38,11.56,,
46,Jimmy Butler,MIA,F,47.9,51.17,-,46.00,46.50,46.78,13.17,GTD,Rest
47,Jalen Williams,OKC,F,43.3,46.23,-,36.00,47.70,35.04,15.51,GTD,Ankle
48,Kawhi Leonard,LAC,F,49.4,51.21,-,49.10,47.90,96.25,15.52,OUT,Knee
49,Brandon Miller,CHA,F,62.4,76.24,-,63.00,48.10,65.59,7.16,,
50,Kyle Kuzma,WAS,F,66.2,67.00,-,82.50,49.00,78.2,7.31,,
51,Jonathan Kuminga,GSW,F,83.5,106.79,-,91.00,52.70,89.5,2.51,,
52,Josh Giddey,CHI,G,67.9,83.04,-,67.40,53.30,62.14,5.76,GTD,Rest
53,Rudy Gobert,MIN,C,49.7,49.19,-,46.40,53.60,48.81,14.20,GTD,Rest
54,Brandon Ingram,NOP,F,68.4,81.03,-,69.90,54.30,71.33,5.74,,
55,Nikola Vucevic,CHI,C,51.0,42.25,-,55.20,55.40,59.83,16.77,,
56,Immanuel Quickley,TOR,G,59.6,69.03,-,53.80,56.10,49.71,8.63,,
57,Jaren Jackson,MEM,C,53.6,67.22,-,37.30,56.20,33.16,13.41,GTD,Hamstring
58,Jalen Green,HOU,G,64.1,41.99,-,92.20,58.00,90.9,15.09,,
59,Fred VanVleet,HOU,G,55.4,69.49,-,38.40,58.30,35.48,10.33,,
60,Tobias Harris,DET,F,74.6,96.17,-,66.60,60.90,67.89,3.25,,
61,Jamal Murray,DEN,G,53.9,47.86,-,52.70,61.00,48.09,12.92,,
62,Jarrett Allen,CLE,C,62.1,71.13,-,53.20,62.00,53.91,7.82,,
63,Desmond Bane,MEM,G,50.1,43.38,-,44.10,62.90,45.38,18.05,,
64,Cam Thomas,BKN,G,68.7,72.21,-,70.10,63.70,73.44,6.57,,
65,Jabari Smith,HOU,F,86.9,114.60,-,80.80,65.30,84.82,2.41,,
66,Michael Porter,DEN,F,74.9,86.00,-,73.30,65.50,85.65,3.94,,
67,Deni Avdija,POR,F,102.6,116.80,-,123.80,67.10,112.67,1.79,,
68,Jalen Duren,DET,C,70.7,90.03,-,53.80,68.20,59.55,5.19,,
69,Myles Turner,IND,C,58.8,62.41,-,45.00,69.00,48.12,11.32,,
70,Derrick White,BOS,G,63.5,71.67,-,48.40,70.50,49.87,7.70,,
71,Keegan Murray,SAC,F,84.4,99.86,-,81.00,72.40,86.83,2.80,,
72,Coby White,CHI,G,72.5,58.42,-,86.50,72.60,77.54,8.60,,
73,Nic Claxton,BKN,C,71.5,76.55,-,63.90,73.90,63.86,7.68,GTD,Hamstring
74,Amen Thompson,HOU,G,96.4,98.12,-,116.80,74.30,103.61,2.94,,
T75,Darius Garland,CLE,G,71.5,76.33,-,62.60,75.70,57.21,7.29,,
T75,Aaron Gordon,DEN,F,102.5,115.12,-,116.70,75.70,124.34,1.32,,
77,RJ Barrett,TOR,F,96.7,105.88,-,107.70,76.40,100.01,2.73,GTD,Shoulder
78,Jordan Poole,WAS,G,93.1,114.24,-,86.40,78.70,80.51,2.36,,
79,Austin Reaves,LAL,G,82.2,79.39,-,87.20,79.90,84.36,4.13,GTD,Rest
80,Zach LaVine,CHI,F,71.6,71.28,-,63.00,80.40,72.78,7.44,,
81,D'Angelo Russell,LAL,G,72.3,61.55,-,74.00,81.30,80.53,7.51,GTD,Rest
82,Deandre Ayton,POR,C,87.4,119.69,-,60.80,81.80,60.8,2.98,GTD,Rest
83,Jerami Grant,POR,F,106.1,124.79,-,109.60,84.00,119.58,1.69,,
84,Tyler Herro,MIA,G,83.9,89.51,-,78.00,84.20,80.36,4.10,GTD,Rest
85,OG Anunoby,NYK,F,95.8,119.38,-,82.60,85.50,78.1,2.85,,
86,Ivica Zubac,LAC,C,105.0,134.56,-,91.60,88.70,94.63,1.18,,
87,CJ McCollum,NOP,G,85.1,79.28,-,86.90,89.10,87.13,5.10,,
88,Jaime Jaquez,MIA,F,112.5,113.64,-,133.60,90.40,139.39,1.56,,
89,Khris Middleton,MIL,F,109.2,125.07,-,111.10,91.30,101.44,1.35,GTD,Ankle
90,Josh Hart,NYK,F,103.6,102.79,-,116.30,91.70,130.46,2.18,,
91,Zach Edey,MEM,C,102.2,111.23,-,103.50,92.00,117.16,2.91,,
92,Anfernee Simons,POR,G,81.9,73.90,-,79.70,92.20,74.93,6.84,,
93,John Collins,UTA,F,109.9,129.83,-,106.70,93.10,109.22,1.12,,
94,Scoot Henderson,POR,G,117.6,127.86,-,130.80,94.00,95.91,1.67,,
95,Jusuf Nurkic,PHO,C,95.0,104.83,-,84.20,96.00,88.92,2.62,,
96,P.J. Washington,DAL,F,117.4,121.13,-,134.20,97.00,134.37,1.35,,
97,Brandin Podziemski,GSW,G,115.6,132.12,-,116.60,98.00,115.28,-1,,
98,Collin Sexton,UTA,G,96.5,96.57,-,94.90,98.10,97.3,2.51,,
99,Devin Vassell,SAS,F,90.7,91.60,-,82.00,98.40,106.97,3.36,OUT,Foot
100,Terry Rozier,MIA,G,102.6,101.40,-,105.40,101.10,100.45,2.11,GTD,Rest
101,Kristaps Porzingis,BOS,C,96.3,84.54,-,103.30,101.20,133.11,4.68,OUT,Foot
102,Bradley Beal,PHO,G,88.6,89.01,-,72.60,104.30,73.48,4.46,,
T103,Keldon Johnson,SAS,F,128.5,137.42,-,143.30,104.90,156.26,-1,GTD,Rest
T103,Keyonte George,UTA,G,120.9,139.04,-,118.70,104.90,113.9,-1,,
105,Trey Murphy,NOP,F,113.9,138.65,-,96.70,106.30,85.61,-1,GTD,Hamstring
106,Jonas Valanciunas,WAS,C,90.4,76.03,-,88.20,106.90,98.75,5.46,,
107,Ausar Thompson,DET,F,125.5,131.30,-,138.10,107.10,128.82,-1,GTD,Illness
108,Jeremy Sochan,SAS,F,129.8,139.60,-,141.70,108.00,138.56,-1,GTD,Rest
109,Jaden Ivey,DET,G,122.4,127.09,-,132.10,108.10,136.55,1.08,,
110,Zaccharie Risacher,ATL,F,122.6,136.64,-,-,108.50,145.13,-1,GTD,Rest
111,Naz Reid,MIN,C,103.0,104.12,-,96.40,108.60,111.05,3.28,GTD,Shoulder
112,Trayce Jackson-Davis,GSW,C,115.2,110.51,-,125.60,109.50,121.16,1.45,,
113,Jrue Holiday,BOS,G,88.0,71.58,-,78.50,114.00,81.22,6.14,GTD,Rest
T114,Donte DiVincenzo,MIN,G,109.5,102.90,-,110.30,115.40,118.25,3.38,GTD,Rest
T114,Herbert Jones,NOP,F,115.6,135.29,-,96.20,115.40,100.64,-1,,
116,Isaiah Hartenstein,OKC,C,101.0,110.34,-,76.40,116.30,120.45,2.55,OUT,Hand
117,Matas Buzelis,CHI,F,130.9,-,-,145.30,116.50,165.51,-1,,
118,Walker Kessler,UTA,C,110.8,122.04,-,93.20,117.20,92.17,2.88,,
119,Alex Sarr,WAS,F,129.4,136.65,-,133.40,118.00,127.22,-1,GTD,Calf
120,Andrew Wiggins,GSW,F,132.4,138.78,-,139.40,119.00,142.36,-1,,
121,Dereck Lively,DAL,C,120.3,132.67,-,108.30,120.00,108.93,-1,,
122,Bogdan Bogdanovic,ATL,G,104.2,100.06,-,90.40,122.00,93.81,2.65,GTD,Rest
123,Jakob Poeltl,TOR,C,111.7,119.17,-,92.70,123.20,95.65,1.71,,
124,Stephon Castle,SAS,G,131.9,130.68,-,141.70,123.40,155,-1,,
125,Cameron Johnson,BKN,F,128.3,137.34,-,124.00,123.50,128.55,-1,,
126,Malik Monk,SAC,G,129.6,132.40,-,129.50,127.00,133.49,-1,GTD,Hand
127,Kelly Oubre,PHI,F,135.2,134.57,-,142.50,128.40,145.8,-1,,
128,Klay Thompson,DAL,F,107.7,87.90,-,106.50,128.60,114.99,3.82,,
129,Russell Westbrook,DEN,G,123.8,103.27,-,139.10,128.90,140.24,1.80,,
130,Clint Capela,ATL,C,116.8,118.01,-,102.70,129.70,117.51,1.54,GTD,Ankle
131,Max Strus,CLE,F,138.0,-,-,144.80,131.10,158.65,-1,GTD,Hip
132,Tyus Jones,PHO,G,125.1,126.49,-,116.10,132.80,116.23,1.27,,
133,Jalen Suggs,ORL,G,124.1,135.50,-,101.80,134.90,103.64,-1,,
134,Tari Eason,HOU,F,139.5,-,-,144.00,135.00,150.41,-1,,
135,Bobby Portis,MIL,F,123.1,116.38,-,115.90,137.10,129.11,1.08,GTD,Rest
136,Aaron Nesmith,IND,F,137.7,-,-,137.40,138.00,155.25,-1,,
137,Chris Paul,SAS,G,123.0,126.91,-,103.80,138.20,110.2,1.50,GTD,Rest
138,Dennis Schroder,BKN,G,133.7,123.39,-,139.00,138.80,136.54,1.02,,
139,Taylor Hendricks,UTA,F,139.1,-,-,138.90,139.30,137.19,-1,,
140,Bilal Coulibaly,WAS,F,142.2,-,-,144.60,139.80,155.13,-1,GTD,Finger
141,Jaden McDaniels,MIN,F,141.2,139.61,-,141.20,142.70,157.4,-1,GTD,Rest
142,Daniel Gafford,DAL,C,111.2,85.71,-,104.50,143.50,98.44,3.90,,
143,Rui Hachimura,LAL,F,140.1,139.63,-,136.50,144.30,161.15,-1,GTD,Calf
144,Bennedict Mathurin,IND,G,142.3,138.41,-,143.00,145.40,158.4,-1,,
145,Noah Clowney,BKN,F,144.9,-,-,144.20,145.50,153.67,-1,,
146,Ben Simmons,BKN,G,140.9,137.70,-,138.50,146.50,144.95,-1,,
147,Brook Lopez,MIL,C,109.6,105.04,-,76.90,147.00,83.58,5.03,GTD,Rest
148,Buddy Hield,GSW,G,120.6,88.32,-,126.50,147.10,145.73,3.26,,
149,Andre Drummond,PHI,C,142.1,138.99,-,139.10,148.30,148.7,-1,,
150,Mark Williams,CHA,C,122.3,118.93,-,99.30,148.60,80.86,1.35,GTD,Foot
151,Jordan Clarkson,UTA,G,143.4,138.84,-,138.90,152.50,152.57,-1,,
152,Norman Powell,LAC,G,142.6,-,-,132.10,153.00,150.25,-1,,
153,Patrick Williams,CHI,F,150.6,-,-,147.00,154.10,169.24,-1,GTD,Ankle
154,Draymond Green,GSW,C,126.8,124.54,-,101.40,154.50,103.18,1.54,,
155,Shaedon Sharpe,POR,G,144.8,139.06,-,140.60,154.70,135.74,-1,OUT,Shoulder
156,Cam Whitmore,HOU,F,149.3,-,-,142.60,155.90,176.81,-1,,
157,Caris LeVert,CLE,G,143.6,129.17,-,144.90,156.60,154.26,-1,,
158,Marcus Smart,MEM,G,141.9,137.39,-,130.70,157.60,121.29,-1,,
159,Kevin Porter,LAC,G,151.2,-,-,144.20,158.20,165.92,-1,GTD,Teeth
160,Jonathan Isaac,ORL,F,151.1,-,-,143.70,158.40,157.77,-1,,
161,Kel'el Ware,MIA,C,151.0,-,-,142.70,159.20,-,-1,,
162,De'Andre Hunter,ATL,F,153.3,-,-,146.50,160.10,249.82,-1,GTD,Rest
163,Obi Toppin,IND,F,152.7,-,-,140.40,165.00,302.59,-1,GTD,Neck
164,Andrew Nembhard,IND,G,153.1,-,-,140.60,165.50,148.64,-1,,
165,Kyle Anderson,GSW,F,154.9,-,-,142.20,167.50,356.39,-1,,
166,Onyeka Okongwu,ATL,C,142.8,-,-,117.60,167.90,109.17,-1,,
167,Reed Sheppard,HOU,G,142.9,119.26,-,140.90,168.50,-,1.44,,
168,Alex Caruso,OKC,G,135.7,134.32,-,102.00,170.90,105.2,-1,,
169,Nikola Jovic,MIA,F,157.1,-,-,142.60,171.50,218.59,-1,,
170,Ron Holland,DET,F,172.8,-,-,-,172.80,-,-1,,
171,Brandon Clarke,MEM,F,175.1,-,-,-,175.10,242.88,-1,,
172,Ayo Dosunmu,CHI,G,151.2,138.99,-,139.10,175.40,162.95,-1,,
173,Corey Kispert,WAS,F,160.5,-,-,145.40,175.60,166.19,-1,GTD,Back
174,Dalton Knecht,LAL,F,157.4,138.82,-,-,175.90,-,-1,GTD,Knee
175,Donovan Clingan,POR,C,151.7,135.55,-,143.30,176.10,-,-1,,
T176,Mike Conley,MIN,G,147.5,131.03,-,132.80,178.80,126.94,-1,GTD,Rest
T176,Dyson Daniels,ATL,G,161.6,-,-,144.40,178.80,139.97,-1,,
T176,Grant Williams,CHA,F,161.0,-,-,143.10,178.80,338.37,-1,,
179,Terance Mann,LAC,G,162.2,-,-,144.90,179.50,248.24,-1,,
180,Harrison Barnes,SAS,F,162.1,-,-,142.20,181.90,311.33,-1,,
T181,Lonzo Ball,CHI,G,160.6,138.60,-,-,182.60,177.48,-1,,
T181,Caleb Martin,PHI,F,182.6,-,-,-,182.60,339.19,-1,,
183,Kelly Olynyk,TOR,C,161.9,-,-,140.30,183.50,144.61,-1,GTD,Back
184,Gradey Dick,TOR,F,155.6,139.66,-,143.50,183.70,164.55,-1,,
185,Payton Pritchard,BOS,G,163.9,-,-,143.00,184.70,268.93,-1,,
186,Tre Mann,CHA,G,164.5,-,-,144.00,185.00,359.95,-1,,
187,Gary Trent,MIL,G,164.6,-,-,143.90,185.20,145.95,-1,,
188,Precious Achiuwa,NYK,C,164.7,-,-,143.90,185.50,322.94,-1,GTD,Hamstring
T189,T.J. McConnell,IND,G,164.5,-,-,143.40,185.60,163.64,-1,,
T189,Wendell Carter,ORL,C,163.9,-,-,142.10,185.60,143.83,-1,,
191,Tre Jones,SAS,G,164.1,-,-,141.50,186.70,167.5,-1,,
192,Carlton Carrington,WAS,G,186.8,-,-,-,186.80,-,-1,,
193,Royce O'Neale,PHO,F,187.0,-,-,-,187.00,369.83,-1,,
194,De'Anthony Melton,GSW,G,164.7,-,-,142.00,187.30,144.16,-1,,
195,Dalano Banton,POR,G,188.0,-,-,-,188.00,435.02,-1,,
196,Jalen Smith,CHI,C,166.7,-,-,144.30,189.00,155.96,-1,,
197,Derrick Jones,LAC,F,189.4,-,-,-,189.40,381.35,-1,GTD,Rest
198,Miles McBride,NYK,G,189.9,-,-,-,189.90,357.04,-1,GTD,Rest
199,Malcolm Brogdon,WAS,G,150.4,122.66,-,138.60,190.00,180.04,-1,OUT,Thumb
200,Grayson Allen,PHO,G,146.6,111.54,-,138.20,190.10,140.05,1.34,GTD,Achilles
T201,Jalen Wilson,BKN,F,190.2,-,-,-,190.20,1189.76,-1,,
T201,Christian Braun,DEN,G,166.4,-,-,142.50,190.20,170.19,-1,,
203,Al Horford,BOS,C,155.4,139.20,-,136.70,190.40,139.64,-1,,
204,Kyshawn George,WAS,F,190.6,-,-,-,190.60,-,-1,,
T205,Tidjane Salaun,CHA,F,190.7,-,-,-,190.70,-,-1,,
T205,Saddiq Bey,WAS,F,190.7,-,-,-,190.70,488.44,-1,OUT,Knee
T207,Sam Hauser,BOS,F,168.4,-,-,146.00,190.80,288.5,-1,GTD,Rest
T207,Kentavious Caldwell-Pope,ORL,G,165.6,-,-,140.40,190.80,149.18,-1,,
T207,Toumani Camara,POR,F,190.8,-,-,-,190.80,439.74,-1,,
T210,Jarace Walker,IND,F,190.9,-,-,-,190.90,453.87,-1,,
T210,Steven Adams,HOU,C,165.4,-,-,139.80,190.90,353.53,-1,,
T210,Bojan Bogdanovic,BKN,F,167.7,-,-,144.40,190.90,236.4,-1,GTD,Foot
T213,GG Jackson,MEM,F,191.0,-,-,-,191.00,389.01,-1,OUT,Foot
T213,Cody Williams,UTA,F,191.0,-,-,-,191.00,1162.63,-1,,
T215,Davion Mitchell,TOR,G,191.1,-,-,-,191.10,1209.05,-1,,
T215,Ryan Dunn,PHO,F,191.1,-,-,-,191.10,382.34,-1,,
T215,Simone Fontecchio,DET,F,166.7,-,-,142.30,191.10,368.85,-1,,
218,Julian Strawther,DEN,F,191.2,-,-,-,191.20,428.46,-1,,
219,Spencer Dinwiddie,DAL,G,191.3,-,-,-,191.30,350.08,-1,,
T220,Moses Moody,GSW,F,191.4,-,-,-,191.40,460.71,-1,,
T220,Malik Beasley,DET,G,167.6,-,-,143.80,191.40,370.17,-1,,
T220,Yves Missi,NOP,C,191.4,-,-,-,191.40,291.55,-1,,
T223,Jordan Miller,LAC,G,191.5,-,-,-,191.50,1217.4,-1,,
T223,Kyle Filipowski,UTA,C,191.5,-,-,-,191.50,-,-1,,
T223,Mitchell Robinson,NYK,C,165.8,-,-,140.10,191.50,174.22,-1,OUT,Ankle
T223,Luguentz Dort,OKC,F,165.5,-,-,139.50,191.50,235.62,-1,,
T223,Zach Collins,SAS,C,167.4,-,-,143.20,191.50,325.75,-1,,
T223,Nick Richards,CHA,C,168.5,-,-,145.50,191.50,187.6,-1,,
T229,Tristan da Silva,ORL,F,191.6,-,-,-,191.60,-,-1,,
T229,Cole Anthony,ORL,G,166.7,-,-,141.70,191.60,363.42,-1,,
T231,Bronny James,LAL,G,162.9,134.15,-,-,191.70,341.1,-1,,
T231,Bol Bol,PHO,F,165.7,139.71,-,-,191.70,467,-1,,
T231,Kevin Love,MIA,F,191.7,-,-,-,191.70,473.06,-1,GTD,Rest
T231,Day'Ron Sharpe,BKN,C,191.7,-,-,-,191.70,362.75,-1,OUT,Hamstring
T231,Trey Lyles,SAC,F,191.7,-,-,-,191.70,1269.42,-1,GTD,Groin
T231,Julian Champagnie,SAS,F,191.7,-,-,-,191.70,1171.94,-1,,
T231,Keon Ellis,SAC,G,169.0,-,-,146.30,191.70,161.75,-1,,
T231,Dillon Brooks,HOU,F,165.2,-,-,138.60,191.70,369.04,-1,,
T231,Robert Williams,POR,C,191.7,-,-,-,191.70,241.68,-1,GTD,Hamstring
T231,Bruce Brown,TOR,G,170.6,-,-,149.50,191.70,391.62,-1,GTD,Knee
T231,Duncan Robinson,MIA,F,168.2,-,-,144.60,191.70,321.74,-1,GTD,Rest
T242,Haywood Highsmith,MIA,F,191.8,-,-,-,191.80,1250.22,-1,,
T242,Karlo Matkovic,NOP,F,169.4,-,-,146.90,191.80,189.93,-1,,
T242,Adama Sanogo,CHI,C,191.8,-,-,-,191.80,1408.4,-1,,
T242,Frank Kaminsky,PHO,C,191.8,-,-,-,191.80,-,-1,,
T242,Ziaire Williams,BKN,F,191.8,-,-,-,191.80,471.09,-1,,
T242,Max Christie,LAL,G,191.8,-,-,-,191.80,1218,-1,,
T242,Goga Bitadze,ORL,C,191.8,-,-,-,191.80,442.83,-1,,
T242,Jarred Vanderbilt,LAL,F,191.8,-,-,-,191.80,361.1,-1,OUT,Foot
T242,Taurean Prince,MIL,F,191.8,-,-,-,191.80,1173.96,-1,,
T242,Tim Hardaway,DET,F,166.2,-,-,140.60,191.80,385.54,-1,,
T242,Marvin Bagley,WAS,C,167.5,-,-,143.10,191.80,300.13,-1,,
T242,Dorian Finney-Smith,BKN,F,166.1,-,-,140.30,191.80,415.04,-1,GTD,Undisclosed
T242,Isaiah Stewart,DET,F,168.5,-,-,145.10,191.80,340.98,-1,,
T242,Santi Aldama,MEM,F,191.8,-,-,-,191.80,291.92,-1,,
T242,Vince Williams,MEM,F,169.3,-,-,146.70,191.80,170.98,-1,GTD,Lower Leg
T242,Enes Freedom,FA,C,191.8,-,-,-,191.80,-,-1,,
T242,Scotty Pippen,MEM,G,191.8,-,-,-,191.80,394.75,-1,,
T259,Anthony Black,ORL,G,191.9,-,-,-,191.90,424.1,-1,,
T259,Kai Jones,LAC,C,191.9,-,-,-,191.90,1329.91,-1,,
T259,Killian Hayes,FA,G,191.9,-,-,-,191.90,1217.17,-1,GTD,Hip
T259,Josh Minott,MIN,F,191.9,-,-,-,191.90,1352.3,-1,,
T259,Brandon Boston,SAS,G,191.9,-,-,-,191.90,-,-1,,
T259,Kobe Brown,LAC,F,191.9,-,-,-,191.90,1367.4,-1,,
T259,Dwight Powell,DAL,C,191.9,-,-,-,191.90,1194.03,-1,,
T259,Kobe Bufkin,ATL,G,191.9,-,-,-,191.90,1187.57,-1,,
T259,KJ Martin,PHI,F,191.9,-,-,-,191.90,1336.4,-1,,
T259,Brice Sensabaugh,UTA,F,191.9,-,-,-,191.90,1192.07,-1,,
T259,Chris Boucher,TOR,F,191.9,-,-,-,191.90,1265.11,-1,GTD,Knee
T259,James Wiseman,IND,C,191.9,-,-,-,191.90,395.78,-1,,
T259,Dario Saric,DEN,C,191.9,-,-,-,191.90,443.58,-1,,
T259,Jake LaRavia,MEM,F,191.9,-,-,-,191.90,473.4,-1,,
T259,Delon Wright,MIL,G,191.9,-,-,-,191.90,362.66,-1,,
T259,Larry Nance,ATL,F,191.9,-,-,-,191.90,471.36,-1,GTD,Rest
T259,Cameron Payne,NYK,G,191.9,-,-,-,191.90,1291.27,-1,,
T259,Isaiah Jackson,IND,C,191.9,-,-,-,191.90,175.44,-1,GTD,Groin
T259,Mason Plumlee,PHO,C,191.9,-,-,-,191.90,375.79,-1,,
T259,Cason Wallace,OKC,G,191.9,-,-,-,191.90,364.81,-1,,
T259,Peyton Watson,DEN,F,191.9,-,-,-,191.90,340.2,-1,GTD,Hamstring
T280,Jared McCain,PHI,G,165.4,138.71,-,-,192.00,332.76,-1,GTD,Bruise
T280,Terrence Shannon,MIN,F,192.0,-,-,-,192.00,1301.42,-1,,
T280,Jaylin Williams,OKC,C,192.0,-,-,-,192.00,1228.69,-1,GTD,Hamstring
T280,Xavier Tillman,BOS,F,192.0,-,-,-,192.00,1231.13,-1,,
T280,Luke Kornet,BOS,C,192.0,-,-,-,192.00,379.58,-1,,
T280,Cam Reddish,LAL,F,192.0,-,-,-,192.00,1367.7,-1,,
T280,Jalen McDaniels,FA,F,192.0,-,-,-,192.00,1322.1,-1,,
T280,Naji Marshall,DAL,F,192.0,-,-,-,192.00,476.73,-1,,
T280,Oso Ighodaro,PHO,C,192.0,-,-,-,192.00,-,-1,,
T280,Jabari Walker,POR,F,192.0,-,-,-,192.00,459.37,-1,GTD,Ankle
T280,Jett Howard,ORL,F,192.0,-,-,-,192.00,1327.98,-1,,
T280,Dariq Whitehead,BKN,F,192.0,-,-,-,192.00,1323.18,-1,,
T280,Julian Phillips,CHI,F,192.0,-,-,-,192.00,-,-1,,
T280,Talen Horton-Tucker,CHI,G,192.0,-,-,-,192.00,1347.3,-1,,
T280,Jaden Hardy,DAL,G,192.0,-,-,-,192.00,1228.55,-1,,
T280,Shake Milton,BKN,G,192.0,-,-,-,192.00,1344.4,-1,,
T280,Amir Coffey,LAC,F,192.0,-,-,-,192.00,1302.4,-1,,
T280,Jordan Hawkins,NOP,G,192.0,-,-,-,192.00,1248.9,-1,,
T280,Malaki Branham,SAS,G,192.0,-,-,-,192.00,1242.27,-1,,
T280,Kyle Lowry,PHI,G,166.1,-,-,140.20,192.00,404.16,-1,,
T280,Kevon Looney,GSW,C,163.8,-,-,135.60,192.00,446.36,-1,,
T280,Georges Niang,CLE,F,192.0,-,-,-,192.00,1209.72,-1,,
T280,Monte Morris,PHO,G,192.0,-,-,-,192.00,1263.3,-1,,
T280,Isaiah Collier,UTA,G,192.0,-,-,-,192.00,1223.41,-1,GTD,Hamstring
T280,Marcus Sasser,DET,G,192.0,-,-,-,192.00,489.78,-1,,
T280,Kris Dunn,LAC,G,192.0,-,-,-,192.00,436.2,-1,,
T280,Daniel Theis,NOP,C,192.0,-,-,-,192.00,277.57,-1,,
T280,Paul Reed,DET,C,192.0,-,-,-,192.00,404.27,-1,,
T280,Kevin Huerter,SAC,G,192.0,-,-,-,192.00,416.99,-1,GTD,Shoulder
T309,Cheick Diallo,FA,F,-,-,-,-,-,-,-1,,
T309,Abdel Nader,FA,F,-,-,-,-,-,-,-1,GTD,Knee
T309,Josh Jackson,FA,F,-,-,-,-,-,-,-1,,
T309,LaMarcus Aldridge,FA,C,-,-,-,-,-,-,-1,,
T309,Zaza Pachulia,FA,C,-,-,-,-,-,1231.4,-1,,
T309,Metta World Peace,FA,F,-,-,-,-,-,1231.8,-1,,
T309,C.J. Miles,FA,G,-,-,-,-,-,-,-1,,
T309,Lance Stephenson,FA,G,-,-,-,-,-,-,-1,,
T309,Didi Louzada,FA,G,-,-,-,-,-,-,-1,,
T309,Taevion Kinsey,FA,G,-,-,-,-,-,1162.4,-1,,
T309,Jaylen Hands,FA,G,-,-,-,-,-,-,-1,,
T309,Deividas Sirvydis,FA,F,-,-,-,-,-,-,-1,,
T309,Petr Cornelie,FA,F,-,-,-,-,-,-,-1,,
T309,Darren Collison,FA,G,-,-,-,-,-,-,-1,,
T309,Nemanja Bjelica,FA,F,-,-,-,-,-,-,-1,,
T309,Greg Monroe,FA,C,-,-,-,-,-,-,-1,,
T309,Willie Cauley-Stein,FA,C,-,-,-,-,-,-,-1,,
T309,Rodney Hood,FA,G,-,-,-,-,-,-,-1,GTD,Calf
T309,Ricky Council,PHI,F,-,-,-,-,-,1290.57,-1,,
T309,Pat Spencer,GSW,G,-,-,-,-,-,-,-1,,
T309,Charlie Brown,FA,G,-,-,-,-,-,-,-1,,
T309,Miye Oni,MEM,G,-,-,-,-,-,-,-1,,
T309,Kevon Harris,FA,G,-,-,-,-,-,-,-1,,
T309,Justin Anderson,FA,F,-,-,-,-,-,-,-1,,
T309,James Ennis,FA,F,-,-,-,-,-,-,-1,,
T309,Eric Bledsoe,FA,G,-,-,-,-,-,-,-1,,
T309,Marc Gasol,FA,C,-,-,-,-,-,-,-1,,
T309,Joe Johnson,FA,F,-,-,-,-,-,-,-1,,
T309,Maurice Harkless,FA,F,-,-,-,-,-,-,-1,,
T309,Ben McLemore,FA,G,-,-,-,-,-,-,-1,,
T309,Timothe Luwawu-Cabarrot,FA,F,-,-,-,-,-,-,-1,,
T309,T.J. Leaf,FA,F,-,-,-,-,-,-,-1,,
T309,Malcolm Hill,NOP,F,-,-,-,-,-,-,-1,,
T309,Jules Bernard,FA,G,-,-,-,-,-,-,-1,,
T309,Keaton Wallace,ATL,G,-,-,-,-,-,-,-1,,
T309,Markquis Nowell,FA,G,-,-,-,-,-,-,-1,,
T309,Jalen Bridges,PHO,F,-,-,-,-,-,-,-1,,
T309,Melvin Frazier,FA,G,-,-,-,-,-,-,-1,,
T309,Marial Shayok,FA,G,-,-,-,-,-,-,-1,,
T309,Justin James,FA,G,-,-,-,-,-,-,-1,,
T309,Isaac Jones,SAC,C,-,-,-,-,-,-,-1,,
T309,Nikola Djurisic,ATL,F,-,-,-,-,-,-,-1,OUT,Foot
T309,Johnny Juzang,UTA,G,-,-,-,-,-,-,-1,,
T309,Dmytro Skapintsev,FA,C,-,-,-,-,-,-,-1,,
T309,Ron Harper,FA,F,-,-,-,-,-,-,-1,,
T309,Henri Drell,FA,F,-,-,-,-,-,-,-1,,
T309,Tremont Waters,FA,G,-,-,-,-,-,-,-1,,
T309,Jordan Bone,FA,G,-,-,-,-,-,-,-1,,
T309,Otto Porter,FA,F,-,-,-,-,-,-,-1,,
T309,Yi Jianlian,FA,F,-,-,-,-,-,1155.4,-1,,
T309,Rajon Rondo,FA,G,-,-,-,-,-,-,-1,,
T309,Hassan Whiteside,FA,C,-,-,-,-,-,-,-1,,
T309,Carsen Edwards,FA,G,-,-,-,-,-,-,-1,,
T309,Jermaine Samuels,FA,F,-,-,-,-,-,-,-1,,
T309,Kellan Grady,FA,G,-,-,-,-,-,1164.4,-1,,
T309,DJ Steward,CHI,G,-,-,-,-,-,-,-1,,
T309,Branden Carlson,FA,C,-,-,-,-,-,1323.4,-1,,
T309,PJ Hall,DEN,C,-,-,-,-,-,-,-1,,
T309,Braxton Key,LAC,F,-,-,-,-,-,-,-1,,
T309,Jordan Bell,FA,C,-,-,-,-,-,-,-1,,
T309,Denzel Valentine,FA,G,-,-,-,-,-,-,-1,,
T309,Jake Layman,FA,F,-,-,-,-,-,-,-1,,
T309,Brandon Knight,FA,G,-,-,-,-,-,-,-1,,
T309,Ed Davis,FA,C,-,-,-,-,-,-,-1,,
T309,Zyon Pullin,FA,G,-,-,-,-,-,-,-1,,
T309,Vanja Marinkovic,FA,G,-,-,-,-,-,-,-1,,
T309,Quinndary Weatherspoon,FA,G,-,-,-,-,-,-,-1,,
T309,Maozinha Pereira,MEM,F,-,-,-,-,-,-,-1,,
T309,Timmy Allen,FA,F,-,-,-,-,-,-,-1,,
T309,Jaylen Martin,BKN,F,-,-,-,-,-,-,-1,,
T309,Kevin McCullar,NYK,F,-,-,-,-,-,-,-1,GTD,Knee
T309,Aminu Mohammed,FA,G,-,-,-,-,-,1150.4,-1,,
T309,Norvel Pelle,FA,C,-,-,-,-,-,-,-1,GTD,Personal
T309,Jabari Parker,FA,F,-,-,-,-,-,-,-1,,
T309,Derrick Favors,FA,C,-,-,-,-,-,-,-1,,
T309,D.J. Augustin,FA,G,-,-,-,-,-,-,-1,,
T309,Jared Dudley,FA,F,-,-,-,-,-,-,-1,,
T309,Tomas Satoransky,FA,G,-,-,-,-,-,-,-1,,
T309,Paul Millsap,FA,F,-,-,-,-,-,-,-1,,
T309,Arnoldas Kulboka,FA,F,-,-,-,-,-,-,-1,,
T309,Semi Ojeleye,FA,F,-,-,-,-,-,-,-1,,
T309,N'Faly Dante,HOU,C,-,-,-,-,-,-,-1,,
T309,Elfrid Payton,FA,G,-,-,-,-,-,-,-1,,
T309,Jeremy Lamb,FA,G,-,-,-,-,-,-,-1,,
T309,Lou Williams,FA,G,-,-,-,-,-,-,-1,,
T309,Dwight Howard,FA,C,-,-,-,-,-,-,-1,,
T309,Carmelo Anthony,FA,F,-,-,-,-,-,-,-1,,
T309,Avery Bradley,FA,G,-,-,-,-,-,-,-1,,
T309,Marquese Chriss,FA,C,-,-,-,-,-,-,-1,GTD,Ankle
T309,DeAndre' Bembry,FA,F,-,-,-,-,-,-,-1,OUT,Knee
T309,Tyrone Wallace,FA,G,-,-,-,-,-,-,-1,,
T309,Anzejs Pasecniks,MIL,C,-,-,-,-,-,1146.4,-1,,
T309,Wes Iwundu,FA,F,-,-,-,-,-,-,-1,,
T309,Yuta Watanabe,FA,F,-,-,-,-,-,-,-1,,
T309,Kostas Antetokounmpo,FA,F,-,-,-,-,-,1170.6,-1,,
T309,Damyean Dotson,FA,G,-,-,-,-,-,-,-1,,
T309,Ignas Brazdeikis,FA,F,-,-,-,-,-,-,-1,,
T309,Jontay Porter,FA,C,-,-,-,-,-,1190.2,-1,,
T309,Kyle Guy,FA,G,-,-,-,-,-,-,-1,,
T309,Eric Paschall,FA,F,-,-,-,-,-,-,-1,OUT,Ankle
T309,Simi Shittu,FA,C,-,-,-,-,-,-,-1,,
T309,Justin Wright-Foreman,FA,G,-,-,-,-,-,-,-1,,
T309,Justin Minaya,POR,F,-,-,-,-,-,-,-1,,
T309,Jackson Rowe,GSW,F,-,-,-,-,-,-,-1,,
T309,Andrew Funk,FA,G,-,-,-,-,-,-,-1,,
T309,Drew Peterson,BOS,F,-,-,-,-,-,-,-1,,
T309,Jacob Toppin,NYK,F,-,-,-,-,-,-,-1,GTD,Ankle
T309,Nate Williams,HOU,G,-,-,-,-,-,-,-1,,
T309,Wayne Ellington,FA,G,-,-,-,-,-,-,-1,,
T309,JJ Redick,FA,G,-,-,-,-,-,1238.8,-1,,
T309,Trevor Ariza,FA,F,-,-,-,-,-,-,-1,,
T309,Patrick Patterson,FA,F,-,-,-,-,-,-,-1,,
T309,DeMarcus Cousins,FA,C,-,-,-,-,-,-,-1,,
T309,Trey Burke,FA,G,-,-,-,-,-,-,-1,GTD,Undisclosed
T309,Solomon Hill,FA,F,-,-,-,-,-,-,-1,GTD,Hamstring
T309,Tony Snell,FA,F,-,-,-,-,-,1146.07,-1,,
T309,Nik Stauskas,FA,G,-,-,-,-,-,-,-1,,
T309,Emmanuel Mudiay,FA,G,-,-,-,-,-,-,-1,,
T309,Sam Dekker,FA,F,-,-,-,-,-,-,-1,,
T309,Jaron Blossomgame,FA,F,-,-,-,-,-,1143.4,-1,,
T309,George de Paula,FA,G,-,-,-,-,-,1100.35,-1,,
T309,George King,FA,G,-,-,-,-,-,-,-1,,
T309,Isaac Bonga,FA,F,-,-,-,-,-,-,-1,,
T309,Chandler Hutchison,FA,F,-,-,-,-,-,-,-1,,
T309,Taze Moore,POR,G,-,-,-,-,-,-,-1,,
T309,Izaiah Brockington,FA,G,-,-,-,-,-,-,-1,,
T309,Quenton Jackson,IND,G,-,-,-,-,-,-,-1,,
T309,Cole Swider,FA,F,-,-,-,-,-,-,-1,,
T309,Alex Fudge,FA,F,-,-,-,-,-,-,-1,,
T309,Filip Petrusev,FA,F,-,-,-,-,-,-,-1,,
T309,Sekou Doumbouya,FA,F,-,-,-,-,-,-,-1,,
T309,Dewan Hernandez,FA,C,-,-,-,-,-,-,-1,,
T309,Alen Smailagic,FA,F,-,-,-,-,-,-,-1,,
T309,Luke Kennard,MEM,G,-,-,-,-,-,428.14,-1,GTD,Foot
T309,Reggie Jackson,PHI,G,-,-,-,-,-,1196.88,-1,,
T309,Isaac Okoro,CLE,F,-,-,-,-,-,467.2,-1,,
T309,Moritz Wagner,ORL,C,140.0,-,-,140.00,-,318.24,-1,,
T309,Josh Richardson,MIA,G,-,-,-,-,-,1261.4,-1,GTD,Shoulder
T309,Cody Martin,CHA,G,-,-,-,-,-,1238.66,-1,,
T309,Bones Hyland,LAC,G,-,-,-,-,-,1203.16,-1,,
T309,Will Barton,FA,F,-,-,-,-,-,-,-1,,
T309,Drew Eubanks,UTA,C,-,-,-,-,-,1208.81,-1,,
T309,Eric Gordon,PHI,G,-,-,-,-,-,1157.1,-1,,
T309,Nickeil Alexander-Walker,MIN,G,-,-,-,-,-,401.98,-1,GTD,Rest
T309,Matisse Thybulle,POR,F,-,-,-,-,-,381.66,-1,OUT,Knee
T309,Alec Burks,MIA,G,-,-,-,-,-,1273.3,-1,GTD,Rest
T309,Nicolas Batum,LAC,F,-,-,-,-,-,480.18,-1,,
T309,Guerschon Yabusele,PHI,F,-,-,-,-,-,454.84,-1,,
T309,Christian Wood,LAL,C,-,-,-,-,-,1207.49,-1,OUT,Knee
T309,John Konchar,MEM,G,-,-,-,-,-,1239.57,-1,,
T309,Ja'Kobe Walter,TOR,G,-,-,-,-,-,1329.7,-1,GTD,Shoulder
T309,Vasilije Micic,CHA,G,-,-,-,-,-,1236,-1,,
T309,Montrezl Harrell,FA,C,-,-,-,-,-,-,-1,,
T309,Jose Alvarado,NOP,G,-,-,-,-,-,448.34,-1,,
T309,Marques Bolden,FA,C,-,-,-,-,-,-,-1,,
T309,Killian Tillie,FA,F,-,-,-,-,-,-,-1,,
T309,Micah Potter,UTA,C,-,-,-,-,-,-,-1,,
T309,Diamond Stone,FA,C,-,-,-,-,-,-,-1,,
T309,Arturas Gudaitis,FA,C,-,-,-,-,-,-,-1,,
T309,Olivier Sarr,FA,C,-,-,-,-,-,-,-1,OUT,Achilles
T309,Chris Chiozza,FA,G,-,-,-,-,-,-,-1,,
T309,Tyler Davis,FA,C,-,-,-,-,-,-,-1,,
T309,Keljin Blevins,FA,F,-,-,-,-,-,-,-1,,
T309,Vincent Poirier,FA,C,-,-,-,-,-,-,-1,,
T309,Damien Inglis,FA,F,-,-,-,-,-,-,-1,,
T309,Isaac Humphries,FA,C,-,-,-,-,-,-,-1,,
T309,Javin DeLaurier,FA,F,-,-,-,-,-,-,-1,,
T309,Nathan Knight,FA,C,-,-,-,-,-,-,-1,,
T309,Matt Ryan,FA,F,-,-,-,-,-,-,-1,,
T309,Maurice Ndour,FA,F,-,-,-,-,-,-,-1,,
T309,Jordan Mickey,FA,F,-,-,-,-,-,-,-1,,
T309,Devin Robinson,FA,F,-,-,-,-,-,-,-1,,
T309,Kay Felder,FA,G,-,-,-,-,-,-,-1,,
T309,Donte Grantham,FA,F,-,-,-,-,-,-,-1,,
T309,Joel Berry,FA,G,-,-,-,-,-,-,-1,,
T309,Jon Teske,FA,C,-,-,-,-,-,-,-1,,
T309,Harry Giles,FA,C,-,-,-,-,-,-,-1,,
T309,Bruno Fernando,TOR,C,-,-,-,-,-,1311.4,-1,,
T309,London Perrantes,FA,G,-,-,-,-,-,-,-1,,
T309,Nikola Milutinov,FA,C,-,-,-,-,-,-,-1,,
T309,Luka Mitrovic,FA,F,-,-,-,-,-,-,-1,,
T309,Isaiah Hicks,FA,C,-,-,-,-,-,-,-1,,
T309,Rashad Vaughn,FA,G,-,-,-,-,-,-,-1,,
T309,Eric Mika,FA,C,-,-,-,-,-,-,-1,GTD,Ankle
T309,Isaiah Taylor,FA,G,-,-,-,-,-,-,-1,,
T309,Matt Costello,FA,F,-,-,-,-,-,-,-1,,
T309,Erik McCree,FA,F,-,-,-,-,-,-,-1,,
T309,Tyler Ennis,FA,G,-,-,-,-,-,-,-1,,
T309,Chance Comanche,FA,C,-,-,-,-,-,-,-1,,
T309,Johnathan Motley,FA,C,-,-,-,-,-,-,-1,,
T309,Cleanthony Early,FA,F,-,-,-,-,-,-,-1,,
T309,Kris Murray,POR,F,-,-,-,-,-,1202.53,-1,,
T309,Jay Huff,MEM,C,-,-,-,-,-,-,-1,,
T309,Angel Delgado,FA,C,-,-,-,-,-,-,-1,,
T309,Duop Reath,POR,C,-,-,-,-,-,486.65,-1,,
T309,Mitch McGary,FA,F,-,-,-,-,-,-,-1,,
T309,Amida Brimah,FA,C,-,-,-,-,-,-,-1,,
T309,Zylan Cheatham,FA,F,-,-,-,-,-,-,-1,,
T309,Louis Labeyrie,FA,F,-,-,-,-,-,-,-1,,
T309,Brandon Goodwin,FA,G,-,-,-,-,-,-,-1,GTD,Foot
T309,Derrick Walton,FA,G,-,-,-,-,-,-,-1,,
T309,Cristiano Felicio,FA,C,-,-,-,-,-,-,-1,,
T309,Alec Peters,FA,F,-,-,-,-,-,-,-1,,
T309,Jaylen Adams,FA,G,-,-,-,-,-,-,-1,,
T309,Joe Chealey,FA,G,-,-,-,-,-,-,-1,,
T309,Josh Gray,FA,G,-,-,-,-,-,-,-1,,
T309,Ben Moore,FA,F,-,-,-,-,-,-,-1,,
T309,Cody Demps,FA,G,-,-,-,-,-,-,-1,,
T309,Devontae Cacok,FA,F,-,-,-,-,-,-,-1,,
T309,Jaylen Nowell,FA,G,-,-,-,-,-,-,-1,,
T309,Georgios Papagiannis,FA,C,-,-,-,-,-,-,-1,,
T309,Noah Vonleh,FA,C,-,-,-,-,-,-,-1,,
T309,Trey Jemison,NOP,C,-,-,-,-,-,1356.4,-1,,
T309,Treveon Graham,FA,F,-,-,-,-,-,-,-1,,
T309,Grant Jerrett,FA,F,-,-,-,-,-,-,-1,,
T309,Javonte Green,NOP,F,-,-,-,-,-,1347.4,-1,,
T309,Jock Landale,HOU,C,-,-,-,-,-,1195.11,-1,GTD,Rest
T309,Juwan Morgan,FA,F,-,-,-,-,-,-,-1,,
T309,Justin Robinson,FA,G,-,-,-,-,-,-,-1,,
T309,JaKarr Sampson,FA,F,-,-,-,-,-,-,-1,,
T309,Amile Jefferson,FA,F,-,-,-,-,-,-,-1,,
T309,Vince Hunter,FA,F,-,-,-,-,-,-,-1,,
T309,Xavier Rathan-Mayes,FA,G,-,-,-,-,-,-,-1,,
T309,Mike Tobey,FA,C,-,-,-,-,-,-,-1,,
T309,Malcolm Miller,FA,F,-,-,-,-,-,-,-1,,
T309,Tony Bradley,FA,C,-,-,-,-,-,-,-1,,
T309,Walter Tavares,FA,C,-,-,-,-,-,-,-1,,
T309,Jaime Echenique,FA,C,-,-,-,-,-,-,-1,,
T309,Cat Barber,FA,G,-,-,-,-,-,-,-1,,
T309,Mangok Mathiang,FA,C,-,-,-,-,-,-,-1,,
T309,Josh Magette,FA,G,-,-,-,-,-,-,-1,,
T309,Jameel Warney,FA,F,-,-,-,-,-,-,-1,,
T309,Ryan Arcidiacono,FA,G,-,-,-,-,-,-,-1,GTD,Back
T309,Keita Bates-Diop,MIN,F,-,-,-,-,-,1119.2,-1,,
T309,Jordan Sibert,FA,G,-,-,-,-,-,-,-1,,
T309,Olivier Hanlan,FA,G,-,-,-,-,-,-,-1,,
T309,Myke Henry,FA,F,-,-,-,-,-,-,-1,,
T309,A.J. Hammons,FA,C,-,-,-,-,-,-,-1,,
T309,Grant Riller,FA,G,-,-,-,-,-,-,-1,,
T309,B.J. Johnson,FA,G,-,-,-,-,-,-,-1,,
T309,Pierre Jackson,FA,G,-,-,-,-,-,-,-1,,
T309,Salah Mejri,FA,C,-,-,-,-,-,-,-1,,
T309,Chris McCullough,FA,F,-,-,-,-,-,-,-1,,
T309,K.J. McDaniels,FA,F,-,-,-,-,-,-,-1,,
T309,Marcus Derrickson,FA,F,-,-,-,-,-,-,-1,,
T309,Josh Huestis,FA,F,-,-,-,-,-,-,-1,,
T309,Greg Whittington,FA,F,-,-,-,-,-,-,-1,,
T309,Daniel Ochefu,FA,C,-,-,-,-,-,-,-1,,
T309,Cady Lalanne,FA,C,-,-,-,-,-,-,-1,,
T309,Ognjen Jaramaz,FA,G,-,-,-,-,-,-,-1,,
T309,Nathan Mensah,FA,C,-,-,-,-,-,-,-1,GTD,Undisclosed
T309,Brice Johnson,FA,F,-,-,-,-,-,-,-1,,
T309,Satnam Singh Bhamara,FA,C,-,-,-,-,-,-,-1,,
T309,Alex Poythress,FA,F,-,-,-,-,-,-,-1,,
T309,Michael Gbinije,FA,G,-,-,-,-,-,-,-1,,
T309,Coty Clarke,FA,F,-,-,-,-,-,-,-1,,
T309,Shabazz Muhammad,FA,F,-,-,-,-,-,-,-1,,
T309,Russ Smith,FA,G,-,-,-,-,-,-,-1,,
T309,Alfonzo McKinnie,FA,F,-,-,-,-,-,-,-1,,
T309,Marcus Paige,FA,G,-,-,-,-,-,-,-1,,
T309,Joffrey Lauvergne,FA,F,-,-,-,-,-,-,-1,,
T309,Vander Blue,FA,G,-,-,-,-,-,-,-1,,
T309,Monta Ellis,FA,G,-,-,-,-,-,-,-1,,
T309,Alec Brown,FA,C,-,-,-,-,-,-,-1,,
T309,Dakari Johnson,FA,C,-,-,-,-,-,-,-1,,
T309,Marcelo Huertas,FA,G,-,-,-,-,-,-,-1,,
T309,Udoka Azubuike,FA,C,-,-,-,-,-,-,-1,,
T309,Shaquille Harrison,FA,G,-,-,-,-,-,-,-1,,
T309,Reggie Perry,FA,C,-,-,-,-,-,-,-1,,
T309,Daniel Oturu,FA,C,-,-,-,-,-,-,-1,,
T309,James Webb,FA,F,-,-,-,-,-,-,-1,,
T309,Gary Harris,ORL,G,-,-,-,-,-,1364.4,-1,,
T309,Danilo Gallinari,FA,F,-,-,-,-,-,-,-1,,
T309,Julian Washburn,FA,F,-,-,-,-,-,-,-1,,
T309,Lucas Nogueira,FA,C,-,-,-,-,-,-,-1,,
T309,Terry Taylor,FA,F,-,-,-,-,-,-,-1,,
T309,Joel Bolomboy,FA,F,-,-,-,-,-,-,-1,,
T309,Branden Dawson,FA,F,-,-,-,-,-,-,-1,,
T309,Tyler Harvey,FA,G,-,-,-,-,-,-,-1,,
T309,Gary Clark,FA,F,-,-,-,-,-,-,-1,,
T309,Xavier Moon,FA,G,-,-,-,-,-,-,-1,,
T309,Malik Williams,FA,C,-,-,-,-,-,-,-1,,
T309,Tyler Cavanaugh,FA,F,-,-,-,-,-,-,-1,,
T309,Deng Adel,FA,F,-,-,-,-,-,-,-1,,
T309,Jonathon Simmons,FA,G,-,-,-,-,-,-,-1,,
T309,Adreian Payne,FA,F,-,-,-,-,-,-,-1,,
T309,Zhou Qi,FA,F,-,-,-,-,-,-,-1,,
T309,Ian Clark,FA,G,-,-,-,-,-,-,-1,,
T309,Langston Galloway,FA,G,-,-,-,-,-,-,-1,,
T309,Jarrod Uthoff,FA,F,-,-,-,-,-,-,-1,,
T309,Gabriel Deck,FA,F,-,-,-,-,-,-,-1,,
T309,Rayjon Tucker,FA,G,-,-,-,-,-,-,-1,,
T309,Semaj Christon,FA,G,-,-,-,-,-,-,-1,,
T309,Rakeem Christmas,FA,F,-,-,-,-,-,-,-1,,
T309,Shane Larkin,FA,G,-,-,-,-,-,-,-1,,
T309,Kevin Pangos,FA,G,-,-,-,-,-,-,-1,,
T309,Lamar Patterson,FA,G,-,-,-,-,-,-,-1,,
T309,Eric Moreland,FA,F,-,-,-,-,-,-,-1,,
T309,Trey McKinney-Jones,FA,G,-,-,-,-,-,-,-1,,
T309,Darrun Hilliard,FA,G,-,-,-,-,-,-,-1,,
T309,Anthony Gill,WAS,F,-,-,-,-,-,1164,-1,,
T309,Alpha Kaba,FA,F,-,-,-,-,-,-,-1,,
T309,Eric Griffin,FA,F,-,-,-,-,-,-,-1,,
T309,Cliff Alexander,FA,F,-,-,-,-,-,-,-1,,
T309,Chinanu Onuaku,FA,C,-,-,-,-,-,-,-1,,
T309,Jorge Gutierrez,FA,G,-,-,-,-,-,-,-1,,
T309,Shawn Long,FA,C,-,-,-,-,-,-,-1,,
T309,Bonzie Colson,FA,F,-,-,-,-,-,-,-1,,
T309,Dimitrios Agravanis,FA,F,-,-,-,-,-,-,-1,,
T309,Justise Winslow,FA,F,-,-,-,-,-,-,-1,,
T309,Devin Cannady,FA,G,-,-,-,-,-,-,-1,,
T309,Troy Daniels,FA,G,-,-,-,-,-,-,-1,,
T309,MarShon Brooks,FA,G,-,-,-,-,-,-,-1,,
T309,DeAndre Daniels,FA,F,-,-,-,-,-,-,-1,,
T309,J.J. O'Brien,FA,F,-,-,-,-,-,-,-1,,
T309,Richard Solomon,FA,F,-,-,-,-,-,-,-1,,
T309,Marcus Georges-Hunt,FA,F,-,-,-,-,-,-,-1,,
T309,Alex Kirk,FA,C,-,-,-,-,-,-,-1,,
T309,Nick Smith,CHA,G,-,-,-,-,-,1332.4,-1,,
T309,Yante Maten,FA,F,-,-,-,-,-,-,-1,,
T309,Tyler Johnson,FA,G,-,-,-,-,-,-,-1,,
T309,Chasson Randle,FA,G,-,-,-,-,-,-,-1,,
T309,Scotty Hopson,FA,G,-,-,-,-,-,-,-1,,
T309,Rodney McGruder,FA,F,-,-,-,-,-,-,-1,,
T309,Kyle Collinsworth,FA,G,-,-,-,-,-,-,-1,,
T309,Sergey Karasev,FA,G,-,-,-,-,-,-,-1,,
T309,Jordan Loyd,FA,G,-,-,-,-,-,-,-1,,
T309,Tarik Biberovic,FA,F,-,-,-,-,-,-,-1,,
T309,Ben Bentil,FA,F,-,-,-,-,-,-,-1,,
T309,Nikola Radicevic,FA,G,-,-,-,-,-,-,-1,,
T309,Aaron White,FA,F,-,-,-,-,-,-,-1,,
T309,Isaiah Briscoe,FA,G,-,-,-,-,-,-,-1,,
T309,Michael Cobbins,FA,F,-,-,-,-,-,-,-1,,
T309,Will Cherry,FA,G,-,-,-,-,-,-,-1,,
T309,Chris Clemons,FA,G,-,-,-,-,-,-,-1,,
T309,Nicolas Laprovittola,FA,G,-,-,-,-,-,-,-1,,
T309,Damjan Rudez,FA,F,-,-,-,-,-,-,-1,,
T309,Sheldon Mac,FA,G,-,-,-,-,-,-,-1,,
T309,Sim Bhullar,FA,C,-,-,-,-,-,-,-1,,
T309,Jalen Jones,FA,F,-,-,-,-,-,-,-1,,
T309,Aaron Craft,FA,G,-,-,-,-,-,-,-1,,
T309,Cameron Bairstow,FA,F,-,-,-,-,-,-,-1,,
T309,Marcus Thornton,FA,G,-,-,-,-,-,-,-1,,
T309,J.J. Barea,FA,G,-,-,-,-,-,-,-1,,
T309,Admiral Schofield,FA,F,-,-,-,-,-,-,-1,,
T309,Briante Weber,FA,G,-,-,-,-,-,-,-1,,
T309,Ryan Broekhoff,FA,G,-,-,-,-,-,-,-1,,
T309,Lorenzo Brown,FA,G,-,-,-,-,-,-,-1,,
T309,Phil Pressey,FA,G,-,-,-,-,-,-,-1,,
T309,Duje Dukan,FA,F,-,-,-,-,-,-,-1,,
T309,Malcolm Delaney,FA,G,-,-,-,-,-,-,-1,,
T309,Tim Frazier,FA,G,-,-,-,-,-,-,-1,,
T309,Nicolo Melli,FA,F,-,-,-,-,-,-,-1,,
T309,Quentin Grimes,DAL,G,-,-,-,-,-,1264.34,-1,,
T309,Anthony Tolliver,FA,F,-,-,-,-,-,-,-1,,
T309,Vernon Carey,FA,C,-,-,-,-,-,-,-1,,
T309,Taj Gibson,CHA,C,-,-,-,-,-,-,-1,,
T309,Nigel Hayes-Davis,FA,F,-,-,-,-,-,-,-1,,
T309,Larry Drew,FA,G,-,-,-,-,-,-,-1,,
T309,Keifer Sykes,FA,G,-,-,-,-,-,-,-1,,
T309,Xavier Sneed,FA,F,-,-,-,-,-,-,-1,,
T309,Josh Okogie,PHO,F,-,-,-,-,-,1355.4,-1,GTD,Hamstring
T309,Willie Reed,FA,C,-,-,-,-,-,-,-1,,
T309,Mindaugas Kuzminskas,FA,F,-,-,-,-,-,-,-1,,
T309,Sean Kilpatrick,FA,G,-,-,-,-,-,-,-1,,
T309,Markelle Fultz,FA,G,-,-,-,-,-,1241.24,-1,,
T309,Walter Lemon,FA,G,-,-,-,-,-,-,-1,,
T309,Colin Castleton,FA,C,-,-,-,-,-,-,-1,,
T309,Frank Jackson,FA,G,-,-,-,-,-,-,-1,,
T309,Omer Yurtseven,FA,C,-,-,-,-,-,-,-1,,
T309,Chris Livingston,MIL,F,-,-,-,-,-,-,-1,,
T309,Balsa Koprivica,FA,C,-,-,-,-,-,-,-1,,
T309,Chris Johnson,FA,F,-,-,-,-,-,-,-1,,
T309,Sidy Cissoko,SAS,G,-,-,-,-,-,-,-1,,
T309,Dee Bost,FA,G,-,-,-,-,-,-,-1,,
T309,Ish Wainright,FA,F,-,-,-,-,-,-,-1,,
T309,Dante Exum,DAL,G,-,-,-,-,-,1264.4,-1,OUT,Wrist
T309,Marshall Plumlee,FA,C,-,-,-,-,-,-,-1,,
T309,David Stockton,FA,G,-,-,-,-,-,-,-1,,
T309,Dwight Buycks,FA,G,-,-,-,-,-,-,-1,,
T309,Keith Appling,FA,G,-,-,-,-,-,-,-1,,
T309,Bryce Cotton,FA,G,-,-,-,-,-,-,-1,,
T309,Pat Connaughton,MIL,G,-,-,-,-,-,1283.2,-1,,
T309,Chimezie Metu,FA,C,-,-,-,-,-,-,-1,,
T309,D.J. Stephens,FA,F,-,-,-,-,-,-,-1,,
T309,Juancho Hernangomez,FA,F,-,-,-,-,-,-,-1,,
T309,Drew Gordon,FA,F,-,-,-,-,-,-,-1,,
T309,R.J. Hampton,FA,G,-,-,-,-,-,-,-1,,
T309,Donta Hall,FA,F,-,-,-,-,-,-,-1,,
T309,Garrett Temple,TOR,G,-,-,-,-,-,-,-1,,
T309,Danuel House,FA,F,-,-,-,-,-,-,-1,,
T309,Ochai Agbaji,TOR,F,-,-,-,-,-,1300.1,-1,,
T309,Ky Bowman,FA,G,-,-,-,-,-,-,-1,,
T309,Hassani Gravett,FA,G,-,-,-,-,-,-,-1,,
T309,Jared Harper,FA,G,-,-,-,-,-,-,-1,,
T309,Jarnell Stokes,FA,F,-,-,-,-,-,-,-1,,
T309,Kent Bazemore,FA,F,-,-,-,-,-,-,-1,,
T309,Shayne Whittington,FA,C,-,-,-,-,-,-,-1,,
T309,Cameron Oliver,FA,F,-,-,-,-,-,-,-1,,
T309,Kira Lewis,FA,G,-,-,-,-,-,-,-1,,
T309,Okaro White,FA,F,-,-,-,-,-,-,-1,,
T309,Dennis Smith,FA,G,-,-,-,-,-,1403.4,-1,GTD,Hip
T309,P.J. Hairston,FA,G,-,-,-,-,-,-,-1,,
T309,Torrey Craig,CHI,F,-,-,-,-,-,1341.6,-1,,
T309,Jacob Wiley,FA,F,-,-,-,-,-,-,-1,,
T309,Mamadi Diakite,FA,F,-,-,-,-,-,-,-1,,
T309,Willy Hernangomez,FA,C,-,-,-,-,-,-,-1,,
T309,Cameron McGriff,FA,F,-,-,-,-,-,-,-1,,
T309,Meyers Leonard,FA,C,-,-,-,-,-,-,-1,,
T309,Dylan Windler,FA,F,-,-,-,-,-,-,-1,,
T309,Aron Baynes,FA,C,-,-,-,-,-,-,-1,,
T309,Ron Baker,FA,G,-,-,-,-,-,-,-1,,
T309,Darius Bazley,FA,F,-,-,-,-,-,-,-1,,
T309,Keyontae Johnson,FA,F,-,-,-,-,-,-,-1,,
T309,Christian Koloko,LAL,C,-,-,-,-,-,1384.4,-1,GTD,Illness
T309,Justin Jackson,FA,F,-,-,-,-,-,-,-1,,
T309,Hollis Thompson,FA,F,-,-,-,-,-,-,-1,,
T309,Markus Howard,FA,G,-,-,-,-,-,-,-1,,
T309,Seth Lundy,ATL,G,-,-,-,-,-,-,-1,GTD,Ankle
T309,Jarrell Brantley,FA,F,-,-,-,-,-,-,-1,,
T309,Khem Birch,FA,C,-,-,-,-,-,-,-1,,
T309,Furkan Korkmaz,FA,G,-,-,-,-,-,-,-1,,
T309,Troy Williams,FA,F,-,-,-,-,-,-,-1,,
T309,Markieff Morris,DAL,C,-,-,-,-,-,-,-1,,
T309,Charles Cooke,FA,G,-,-,-,-,-,-,-1,,
T309,Mitchell Watt,FA,F,-,-,-,-,-,-,-1,,
T309,Matthew Dellavedova,FA,G,-,-,-,-,-,-,-1,,
T309,Zoran Dragic,FA,G,-,-,-,-,-,-,-1,,
T309,David Nwaba,FA,F,-,-,-,-,-,-,-1,,
T309,JaMychal Green,FA,F,-,-,-,-,-,-,-1,,
T309,Lamar Stevens,FA,F,-,-,-,-,-,-,-1,,
T309,Wesley Matthews,FA,F,-,-,-,-,-,-,-1,,
T309,Hamidou Diallo,FA,F,-,-,-,-,-,-,-1,,
T309,Udonis Haslem,FA,C,-,-,-,-,-,-,-1,,
T309,Rayan Rupert,POR,G,-,-,-,-,-,-,-1,,
T309,Saben Lee,FA,G,-,-,-,-,-,-,-1,,
T309,James Nunnally,FA,F,-,-,-,-,-,-,-1,,
T309,Xavier Munford,FA,G,-,-,-,-,-,-,-1,,
T309,Chris Silva,FA,C,-,-,-,-,-,-,-1,OUT,Ankle
T309,Oscar Tshiebwe,UTA,C,-,-,-,-,-,1358.4,-1,,
T309,Emoni Bates,CLE,F,-,-,-,-,-,1385.4,-1,OUT,Knee
T309,Wenyen Gabriel,FA,C,-,-,-,-,-,-,-1,,
T309,DaRon Holmes,DEN,C,-,-,-,-,-,-,-1,OFS,Achilles
T309,Edmond Sumner,FA,G,-,-,-,-,-,-,-1,,
T309,Jarrett Culver,FA,F,-,-,-,-,-,-,-1,,
T309,Raul Neto,FA,G,-,-,-,-,-,-,-1,,
T309,Quinn Cook,FA,G,-,-,-,-,-,-,-1,,
T309,Anthony Brown,FA,F,-,-,-,-,-,-,-1,,
T309,Mouhamed Gueye,ATL,C,-,-,-,-,-,1404.4,-1,,
T309,Jalen Pickett,DEN,G,-,-,-,-,-,-,-1,,
T309,Devonte' Graham,FA,G,-,-,-,-,-,-,-1,,
T309,Anthony Lamb,FA,F,-,-,-,-,-,-,-1,,
T309,Tristan Vukcevic,WAS,C,-,-,-,-,-,-,-1,,
T309,Alan Williams,FA,C,-,-,-,-,-,-,-1,,
T309,Chris Duarte,CHI,F,-,-,-,-,-,1402.4,-1,,
T309,Leonard Miller,MIN,F,-,-,-,-,-,-,-1,,
T309,Jeremiah Robinson-Earl,NOP,C,-,-,-,-,-,-,-1,,
T309,Caleb Houstan,ORL,F,-,-,-,-,-,1343.2,-1,,
T309,Kendrick Nunn,FA,G,-,-,-,-,-,-,-1,,
T309,Lance Thomas,FA,F,-,-,-,-,-,-,-1,,
T309,Orlando Robinson,SAC,C,-,-,-,-,-,1390.4,-1,GTD,Knee
T309,Mike James,FA,G,-,-,-,-,-,-,-1,,
T309,James Nnaji,FA,C,-,-,-,-,-,-,-1,,
T309,Isaiah Joe,OKC,G,-,-,-,-,-,1188.47,-1,,
T309,Bryn Forbes,FA,G,-,-,-,-,-,-,-1,,
T309,Nassir Little,FA,F,-,-,-,-,-,-,-1,,
T309,Richaun Holmes,WAS,C,-,-,-,-,-,1205.41,-1,,
T309,Sasha Vezenkov,FA,F,-,-,-,-,-,-,-1,,
T309,Stanley Johnson,FA,F,-,-,-,-,-,-,-1,,
T309,Terence Davis,FA,F,-,-,-,-,-,1217.6,-1,GTD,Achilles
T309,Juan Toscano-Anderson,FA,F,-,-,-,-,-,-,-1,,
T309,Marcus Morris,FA,F,-,-,-,-,-,-,-1,,
T309,JP Tokoto,FA,G,-,-,-,-,-,-,-1,,
T309,Rodney Purvis,FA,G,-,-,-,-,-,-,-1,,
T309,Cedi Osman,FA,F,-,-,-,-,-,1244.4,-1,GTD,Ankle
T309,Facundo Campazzo,FA,G,-,-,-,-,-,-,-1,,
T309,Ty Jerome,CLE,G,-,-,-,-,-,1343.9,-1,,
T309,AJ Griffin,FA,F,-,-,-,-,-,-,-1,,
T309,Davis Bertans,FA,F,-,-,-,-,-,-,-1,,
T309,Damion Lee,PHO,G,-,-,-,-,-,1321.4,-1,,
T309,Sterling Brown,FA,G,-,-,-,-,-,-,-1,,
T309,Ismael Kamagate,FA,C,-,-,-,-,-,-,-1,,
T309,Hunter Tyson,DEN,F,-,-,-,-,-,-,-1,,
T309,Armoni Brooks,FA,G,-,-,-,-,-,-,-1,,
T309,Freddie Gillespie,FA,C,-,-,-,-,-,-,-1,,
T309,Jamil Wilson,FA,F,-,-,-,-,-,-,-1,,
T309,Robert Covington,FA,F,-,-,-,-,-,-,-1,GTD,Knee
T309,Isaiah Roby,FA,F,-,-,-,-,-,-,-1,,
T309,Khalifa Diop,FA,C,-,-,-,-,-,-,-1,,
T309,James McAdoo,FA,F,-,-,-,-,-,-,-1,,
T309,Jordan Nwora,FA,F,-,-,-,-,-,-,-1,,
T309,Kobi Simmons,FA,G,-,-,-,-,-,-,-1,,
T309,Colby Jones,SAC,G,-,-,-,-,-,-,-1,,
T309,C.J. Williams,FA,F,-,-,-,-,-,-,-1,,
T309,Jabari Brown,FA,G,-,-,-,-,-,-,-1,,
T309,JaVale McGee,FA,C,-,-,-,-,-,-,-1,,
T309,Jae Crowder,FA,F,-,-,-,-,-,-,-1,,
T309,George Hill,FA,G,-,-,-,-,-,-,-1,,
T309,Marko Simonovic,FA,C,-,-,-,-,-,-,-1,,
T309,Nerlens Noel,FA,C,-,-,-,-,-,-,-1,,
T309,P.J. Dozier,MIN,F,-,-,-,-,-,-,-1,,
T309,Quinten Post,GSW,C,-,-,-,-,-,-,-1,,
T309,Olivier-Maxence Prosper,DAL,F,-,-,-,-,-,1341.3,-1,,
T309,Sam Merrill,CLE,G,-,-,-,-,-,1197.96,-1,GTD,Wrist
T309,KZ Okpala,FA,F,-,-,-,-,-,-,-1,GTD,Knee
T309,Joe Harris,FA,F,-,-,-,-,-,-,-1,,
T309,Dewayne Dedmon,FA,C,-,-,-,-,-,-,-1,,
T309,Eugene Omoruyi,FA,F,-,-,-,-,-,-,-1,,
T309,Johnathan Williams,FA,C,-,-,-,-,-,-,-1,,
T309,Jordan McLaughlin,SAC,G,-,-,-,-,-,1407.4,-1,,
T309,Oshae Brissett,FA,F,-,-,-,-,-,-,-1,,
T309,Cory Joseph,ORL,G,-,-,-,-,-,-,-1,,
T309,Isaiah Wong,FA,G,-,-,-,-,-,-,-1,,
T309,Jeff Dowtin,PHI,G,-,-,-,-,-,-,-1,,
T309,Patty Mills,UTA,G,-,-,-,-,-,-,-1,,
T309,Garrison Mathews,ATL,G,-,-,-,-,-,1359.8,-1,,
T309,Jordan Goodwin,FA,G,-,-,-,-,-,-,-1,,
T309,DeJon Jarreau,FA,G,-,-,-,-,-,-,-1,,
T309,Mitch Creek,FA,G,-,-,-,-,-,-,-1,,
T309,RaiQuan Gray,FA,F,-,-,-,-,-,-,-1,,
T309,Maxwell Lewis,LAL,F,-,-,-,-,-,-,-1,,
T309,Jemerrio Jones,FA,F,-,-,-,-,-,-,-1,OFS,Knee
T309,Damian Jones,FA,C,-,-,-,-,-,-,-1,,
T309,Michael Frazier,FA,G,-,-,-,-,-,-,-1,,
T309,Jonathan Mogbo,TOR,F,-,-,-,-,-,1289.98,-1,,
T309,Chuma Okeke,NYK,F,-,-,-,-,-,-,-1,,
T309,Jaylen Clark,MIN,G,-,-,-,-,-,-,-1,,
T309,Brad Wanamaker,FA,G,-,-,-,-,-,-,-1,,
T309,Luka Garza,MIN,C,-,-,-,-,-,1208.3,-1,,
T309,Jamorko Pickett,FA,F,-,-,-,-,-,-,-1,,
T309,Moses Brown,FA,C,-,-,-,-,-,-,-1,,
T309,Charles Bassey,SAS,C,-,-,-,-,-,1290.4,-1,,
T309,Ben Sheppard,IND,G,-,-,-,-,-,1235.76,-1,,
T309,Terrence Ross,FA,F,-,-,-,-,-,-,-1,,
T309,Josh Christopher,MIA,G,-,-,-,-,-,-,-1,,
T309,Tyler Bey,FA,F,-,-,-,-,-,-,-1,,
T309,Mike Muscala,FA,C,-,-,-,-,-,-,-1,,
T309,Dusty Hannahs,FA,G,-,-,-,-,-,-,-1,GTD,Undisclosed
T309,Tahjere McCall,FA,G,-,-,-,-,-,-,-1,,
T309,Naz Mitrou-Long,FA,G,-,-,-,-,-,-,-1,,
T309,Ish Smith,FA,G,-,-,-,-,-,-,-1,,
T309,Jevon Carter,CHI,G,-,-,-,-,-,-,-1,,
T309,Troy Brown,FA,F,-,-,-,-,-,-,-1,,
T309,Gorgui Dieng,FA,C,-,-,-,-,-,-,-1,,
T309,Alize Johnson,FA,F,-,-,-,-,-,-,-1,,
T309,Jamal Cain,NOP,F,-,-,-,-,-,-,-1,,
T309,Maxi Kleber,DAL,C,-,-,-,-,-,1379.4,-1,GTD,Ankle
T309,Mfiondu Kabengele,FA,C,-,-,-,-,-,-,-1,,
T309,Jae'Sean Tate,HOU,F,-,-,-,-,-,-,-1,,
T309,Aleksej Pokusevski,FA,F,-,-,-,-,-,-,-1,,
T309,Isaiah Cousins,FA,G,-,-,-,-,-,-,-1,,
T309,Archie Goodwin,FA,G,-,-,-,-,-,-,-1,,
T309,Malachi Flynn,SAS,G,-,-,-,-,-,-,-1,,
T309,Joshua Primo,FA,G,-,-,-,-,-,-,-1,,
T309,James Bouknight,FA,G,-,-,-,-,-,-,-1,,
T309,Jack White,FA,F,-,-,-,-,-,-,-1,,
T309,Isaiah Livers,FA,F,-,-,-,-,-,-,-1,GTD,Hip
T309,Milton Doyle,FA,G,-,-,-,-,-,-,-1,,
T309,Jordan Adams,FA,G,-,-,-,-,-,-,-1,,
T309,Vlatko Cancar,DEN,F,-,-,-,-,-,1326.4,-1,,
T309,Skylar Mays,FA,G,-,-,-,-,-,-,-1,,
T309,Ariel Hukporti,NYK,C,-,-,-,-,-,-,-1,,
T309,Jalen Slawson,ORL,F,-,-,-,-,-,-,-1,,
T309,Gabe Vincent,LAL,G,-,-,-,-,-,1196.37,-1,,
T309,Michael Carter-Williams,FA,G,-,-,-,-,-,-,-1,,
T309,Mojave King,FA,G,-,-,-,-,-,-,-1,,
T309,Amari Bailey,FA,G,-,-,-,-,-,-,-1,,
T309,Josh Green,CHA,F,-,-,-,-,-,393.51,-1,GTD,Rest
T309,Ibou Badji,FA,C,-,-,-,-,-,-,-1,,
T309,Tyler Cook,FA,F,-,-,-,-,-,-,-1,,
T309,Bismack Biyombo,FA,C,-,-,-,-,-,-,-1,,
T309,Alex Len,SAC,C,-,-,-,-,-,1181.59,-1,,
T309,Reggie Bullock,FA,F,-,-,-,-,-,-,-1,,
T309,Dominick Barlow,ATL,C,-,-,-,-,-,-,-1,GTD,Undisclosed
T309,Yogi Ferrell,FA,G,-,-,-,-,-,-,-1,,
T309,JaQuori McLaughlin,FA,G,-,-,-,-,-,-,-1,,
T309,Zavier Simpson,FA,G,-,-,-,-,-,-,-1,,
T309,Trendon Watford,BKN,F,-,-,-,-,-,1234.12,-1,GTD,Hamstring
T309,Goran Dragic,FA,G,-,-,-,-,-,-,-1,,
T309,P.J. Tucker,LAC,F,-,-,-,-,-,-,-1,,
T309,D.J. Wilson,FA,C,-,-,-,-,-,-,-1,,
T309,Justin Jackson,FA,F,-,-,-,-,-,-,-1,,
T309,Juhann Begarin,FA,G,-,-,-,-,-,-,-1,,
T309,Doug McDermott,SAC,F,-,-,-,-,-,-,-1,,
T309,Luke Travers,CLE,F,-,-,-,-,-,-,-1,,
T309,Serge Ibaka,FA,C,-,-,-,-,-,-,-1,,
T309,TyTy Washington,PHO,G,-,-,-,-,-,-,-1,,
T309,Usman Garuba,FA,C,-,-,-,-,-,-,-1,,
T309,Andre Jackson,MIL,F,-,-,-,-,-,1381.4,-1,,
T309,Yves Pons,FA,F,-,-,-,-,-,-,-1,,
T309,Jordan Schakel,FA,F,-,-,-,-,-,-,-1,,
T309,Matt Mooney,FA,G,-,-,-,-,-,-,-1,,
T309,Karim Mane,FA,G,-,-,-,-,-,-,-1,,
T309,Emanuel Terry,FA,C,-,-,-,-,-,-,-1,,
T309,Trevon Bluiett,FA,F,-,-,-,-,-,-,-1,,
T309,Isaia Cordinier,FA,G,-,-,-,-,-,-,-1,,
T309,Malcolm Cazalon,FA,G,-,-,-,-,-,-,-1,,
T309,Brodric Thomas,FA,G,-,-,-,-,-,-,-1,,
T309,Luis Montero,FA,G,-,-,-,-,-,-,-1,,
T309,Wayne Selden,FA,G,-,-,-,-,-,-,-1,,
T309,Will Magnay,FA,C,-,-,-,-,-,-,-1,,
T309,Justinian Jessup,FA,G,-,-,-,-,-,-,-1,,
T309,Malik Newman,FA,G,-,-,-,-,-,-,-1,OUT,Undisclosed
T309,Trevon Duval,FA,G,-,-,-,-,-,-,-1,,
T309,Aaron Harrison,FA,G,-,-,-,-,-,-,-1,,
T309,Trent Forrest,FA,G,-,-,-,-,-,-,-1,,
T309,CJ Elleby,FA,F,-,-,-,-,-,-,-1,,
T309,Nate Darling,FA,G,-,-,-,-,-,-,-1,,
T309,Deonte Burton,FA,F,-,-,-,-,-,-,-1,,
T309,Dani Diez,FA,G,-,-,-,-,-,-,-1,,
T309,Keenan Evans,FA,G,-,-,-,-,-,-,-1,,
T309,Mychal Mulder,FA,G,-,-,-,-,-,-,-1,,
T309,Billy Garrett,FA,G,-,-,-,-,-,-,-1,,
T309,Daryl Macon,FA,G,-,-,-,-,-,-,-1,,
T309,Cam Reynolds,FA,F,-,-,-,-,-,-,-1,,
T309,Issuf Sanon,FA,G,-,-,-,-,-,-,-1,,
T309,MJ Walker,FA,G,-,-,-,-,-,-,-1,,
T309,Austin Rivers,FA,G,-,-,-,-,-,-,-1,,
T309,Kelan Martin,FA,F,-,-,-,-,-,-,-1,,
T309,David Michineau,FA,G,-,-,-,-,-,-,-1,,
T309,Paul Watson,FA,F,-,-,-,-,-,-,-1,,
T309,Matteo Spagnolo,FA,G,-,-,-,-,-,-,-1,,
T309,Devon Dotson,FA,G,-,-,-,-,-,-,-1,,
T309,Gui Santos,GSW,F,-,-,-,-,-,-,-1,,
T309,Danny Green,FA,G,-,-,-,-,-,-,-1,,
T309,Tim Quarterman,FA,G,-,-,-,-,-,-,-1,,
T309,Thomas Bryant,MIA,C,-,-,-,-,-,1249.95,-1,,
T309,Adam Mokoka,FA,G,-,-,-,-,-,-,-1,,
T309,Axel Toupane,FA,F,-,-,-,-,-,-,-1,,
T309,Davon Reed,FA,G,-,-,-,-,-,-,-1,,
T309,Andrew White,FA,F,-,-,-,-,-,-,-1,,
T309,Dereon Seabron,FA,G,-,-,-,-,-,-,-1,,
T309,Ryan Rollins,MIL,G,-,-,-,-,-,-,-1,,
T309,Josh Hall,FA,F,-,-,-,-,-,-,-1,,
T309,Brandon Sampson,FA,G,-,-,-,-,-,-,-1,,
T309,DeAndre Jordan,DEN,C,-,-,-,-,-,1252.64,-1,,
T309,Isaiah Todd,FA,F,-,-,-,-,-,-,-1,,
T309,Nate Hinton,FA,F,-,-,-,-,-,-,-1,,
T309,Zach Norvell,FA,G,-,-,-,-,-,-,-1,,
T309,Antonio Blakeney,FA,G,-,-,-,-,-,-,-1,,
T309,Neemias Queta,BOS,C,-,-,-,-,-,1197.93,-1,,
T309,Feron Hunt,FA,F,-,-,-,-,-,-,-1,,
T309,James Johnson,IND,F,-,-,-,-,-,-,-1,,
T309,Sean McDermott,FA,F,-,-,-,-,-,-,-1,,
T309,Brian Bowen,FA,F,-,-,-,-,-,-,-1,,
T309,Ashton Hagans,FA,G,-,-,-,-,-,-,-1,,
T309,KJ Simpson,CHA,G,-,-,-,-,-,-,-1,,
T309,Louis King,FA,F,-,-,-,-,-,-,-1,,
T309,Cassius Stanley,FA,G,-,-,-,-,-,-,-1,,
T309,Ulrich Chomche,TOR,C,-,-,-,-,-,-,-1,,
T309,Theo Maledon,FA,G,-,-,-,-,-,-,-1,,
T309,Rokas Jokubaitis,FA,G,-,-,-,-,-,-,-1,,
T309,Dakota Mathias,FA,G,-,-,-,-,-,-,-1,,
T309,Marcus Eriksson,FA,G,-,-,-,-,-,-,-1,,
T309,RJ Nembhard,FA,G,-,-,-,-,-,-,-1,,
T309,Marko Guduric,FA,G,-,-,-,-,-,-,-1,,
T309,Nicolas Brussino,FA,F,-,-,-,-,-,-,-1,,
T309,Allonzo Trier,FA,G,-,-,-,-,-,-,-1,,
T309,Jared Terrell,FA,G,-,-,-,-,-,-,-1,,
T309,Luka Samanic,FA,F,-,-,-,-,-,-,-1,,
T309,Daishen Nix,MIN,G,-,-,-,-,-,-,-1,,
T309,Leandro Bolmaro,FA,G,-,-,-,-,-,-,-1,,
T309,D.J. Carton,TOR,G,-,-,-,-,-,-,-1,,
T309,Georgios Kalaitzakis,FA,G,-,-,-,-,-,-,-1,,
T309,Juan Nunez,FA,G,-,-,-,-,-,-,-1,,
T309,Greg Brown,FA,F,-,-,-,-,-,-,-1,,
T309,Tristan Thompson,CLE,C,-,-,-,-,-,-,-1,,
T309,Antonius Cleveland,FA,G,-,-,-,-,-,-,-1,,
T309,Marcus Graves,FA,G,-,-,-,-,-,-,-1,,
T309,Jamaree Bouyea,SAS,G,-,-,-,-,-,-,-1,,
T309,Wendell Moore,DET,G,-,-,-,-,-,-,-1,,
T309,Bryce McGowens,POR,G,-,-,-,-,-,-,-1,,
T309,Jerome Robinson,FA,G,-,-,-,-,-,-,-1,,
T309,Tyler Dorsey,FA,G,-,-,-,-,-,-,-1,,
T309,Nico Mannion,FA,G,-,-,-,-,-,-,-1,,
T309,Tosan Evbuomwan,LAC,F,-,-,-,-,-,-,-1,,
T309,Yam Madar,FA,G,-,-,-,-,-,-,-1,,
T309,Elijah Hughes,FA,F,-,-,-,-,-,-,-1,,
T309,Matt Thomas,FA,G,-,-,-,-,-,-,-1,,
T309,Yannick Nzosa,FA,C,-,-,-,-,-,-,-1,,
T309,Joel Ayayi,FA,G,-,-,-,-,-,-,-1,,
T309,Theo Pinson,FA,G,-,-,-,-,-,-,-1,,
T309,Kennedy Chandler,FA,G,-,-,-,-,-,-,-1,,
T309,Pelle Larsson,MIA,G,-,-,-,-,-,-,-1,,
T309,Keon Johnson,BKN,G,-,-,-,-,-,1370.4,-1,,
T309,Scottie Lewis,FA,G,-,-,-,-,-,-,-1,,
T309,J.P. Macura,FA,G,-,-,-,-,-,-,-1,,
T309,Jason Preston,UTA,G,-,-,-,-,-,-,-1,,
T309,Moussa Diabate,CHA,C,-,-,-,-,-,-,-1,,
T309,Bobi Klintman,DET,F,-,-,-,-,-,1339.4,-1,GTD,Calf
T309,Tyrese Martin,BKN,F,-,-,-,-,-,-,-1,,
T309,Mason Jones,SAC,G,-,-,-,-,-,-,-1,,
T309,Jahmi'us Ramsey,FA,G,-,-,-,-,-,-,-1,,
T309,Hugo Besson,FA,G,-,-,-,-,-,-,-1,,
T309,Jalen Lecque,FA,G,-,-,-,-,-,-,-1,,
T309,David Johnson,FA,G,-,-,-,-,-,-,-1,,
T309,Evan Fournier,FA,G,-,-,-,-,-,-,-1,,
T309,Isaiah Thomas,FA,G,-,-,-,-,-,-,-1,,
T309,Gabriele Procida,FA,F,-,-,-,-,-,-,-1,,
T309,Jalen Hood-Schifino,LAL,G,-,-,-,-,-,-,-1,,
T309,Tyrell Terry,FA,G,-,-,-,-,-,-,-1,,
T309,Jared Rhoden,FA,F,-,-,-,-,-,-,-1,,
T309,Justin Champagnie,WAS,F,-,-,-,-,-,1348.4,-1,,
T309,David Duke,SAS,G,-,-,-,-,-,-,-1,,
T309,Javon Freeman-Liberty,FA,G,-,-,-,-,-,-,-1,,
T309,Gian Clavell,FA,G,-,-,-,-,-,-,-1,,
T309,Trevelin Queen,ORL,G,-,-,-,-,-,-,-1,,
T309,Aaron Henry,FA,F,-,-,-,-,-,-,-1,,
T309,Patrick Baldwin,WAS,F,-,-,-,-,-,-,-1,,
T309,Aaron Holiday,HOU,G,-,-,-,-,-,-,-1,,
T309,Ty-Shon Alexander,FA,G,-,-,-,-,-,-,-1,,
T309,Ricky Rubio,FA,G,-,-,-,-,-,-,-1,,
T309,Kendall Brown,FA,F,-,-,-,-,-,-,-1,,
T309,Kenrich Williams,OKC,F,-,-,-,-,-,1342.2,-1,GTD,Knee
T309,Trevor Keels,FA,G,-,-,-,-,-,-,-1,,
T309,Dru Smith,MIA,G,-,-,-,-,-,-,-1,,
T309,Matt Williams,FA,G,-,-,-,-,-,-,-1,,
T309,Collin Gillespie,PHO,G,-,-,-,-,-,-,-1,,
T309,Rawle Alkins,FA,G,-,-,-,-,-,-,-1,,
T309,Kemba Walker,FA,G,-,-,-,-,-,1208.4,-1,,
T309,Jaylen Hoard,FA,F,-,-,-,-,-,-,-1,,
T309,Jeff Green,HOU,F,-,-,-,-,-,1267.4,-1,,
T309,Enrique Freeman,IND,F,-,-,-,-,-,-,-1,,
T309,Zach Lofton,FA,G,-,-,-,-,-,-,-1,,
T309,Jalen Harris,FA,G,-,-,-,-,-,-,-1,,
T309,Chaundee Brown,FA,G,-,-,-,-,-,-,-1,,
T309,T.J. Warren,NYK,F,-,-,-,-,-,1209.34,-1,,
T309,Gary Payton,GSW,G,-,-,-,-,-,1255.64,-1,,
T309,DaQuan Jeffries,CHA,F,-,-,-,-,-,-,-1,GTD,Hand
T309,Troy Caupain,FA,G,-,-,-,-,-,-,-1,,
T309,Jaylen Morris,FA,G,-,-,-,-,-,-,-1,,
T309,Cam Christie,LAC,G,-,-,-,-,-,-,-1,,
T309,Svi Mykhailiuk,UTA,G,-,-,-,-,-,-,-1,,
T309,DeVaughn Akoon-Purcell,FA,F,-,-,-,-,-,-,-1,,
T309,Ajay Mitchell,OKC,G,-,-,-,-,-,-,-1,,
T309,Onuralp Bitim,FA,G,-,-,-,-,-,-,-1,,
T309,Zeke Nnaji,DEN,C,-,-,-,-,-,1362,-1,,
T309,Vit Krejci,ATL,G,-,-,-,-,-,1303.2,-1,,
T309,Jamel Artis,FA,G,-,-,-,-,-,-,-1,,
T309,Jaxson Hayes,LAL,C,-,-,-,-,-,428.08,-1,,
T309,Kevin Knox,FA,F,-,-,-,-,-,1393.4,-1,,
T309,Stanley Umude,MIL,G,-,-,-,-,-,-,-1,,
T309,Carlik Jones,FA,G,-,-,-,-,-,-,-1,,
T309,Joe Wieskamp,FA,G,-,-,-,-,-,-,-1,,
T309,Duane Washington,FA,G,-,-,-,-,-,-,-1,,
T309,A.J. Lawson,FA,G,-,-,-,-,-,-,-1,,
T309,Blake Wesley,SAS,G,-,-,-,-,-,1331.4,-1,,
T309,Adem Bona,PHI,C,-,-,-,-,-,-,-1,,
T309,Tyler Smith,MIL,F,-,-,-,-,-,-,-1,,
T309,Frank Ntilikina,FA,G,-,-,-,-,-,-,-1,,
T309,Gordon Hayward,FA,F,-,-,-,-,-,1237.4,-1,,
T309,Craig Porter,CLE,G,-,-,-,-,-,1313.4,-1,,
T309,Jay Scrubb,FA,G,-,-,-,-,-,-,-1,,
T309,Jacob Gilyard,FA,G,-,-,-,-,-,-,-1,,
T309,Patrick Beverley,FA,G,-,-,-,-,-,1205.7,-1,,
T309,E.J. Liddell,CHI,F,-,-,-,-,-,-,-1,,
T309,Dalen Terry,CHI,F,-,-,-,-,-,1291.4,-1,GTD,Knee
T309,Landry Shamet,FA,G,-,-,-,-,-,1336.3,-1,GTD,Shoulder
T309,Lester Quinones,PHI,G,-,-,-,-,-,-,-1,,
T309,Jarron Cumberland,FA,G,-,-,-,-,-,-,-1,,
T309,Jamal Shead,TOR,G,-,-,-,-,-,1355.2,-1,,
T309,Anton Watson,BOS,F,-,-,-,-,-,-,-1,,
T309,MarJon Beauchamp,MIL,F,-,-,-,-,-,1400.4,-1,,
T309,Romeo Langford,FA,F,-,-,-,-,-,-,-1,GTD,Toe
T309,Devin Carter,SAC,G,-,-,-,-,-,1154.58,-1,OUT,Shoulder
T309,Jericho Sims,NYK,C,-,-,-,-,-,1202.2,-1,,
T309,Nate Wolters,FA,G,-,-,-,-,-,-,-1,,
T309,Kenneth Lofton,FA,C,-,-,-,-,-,1189.3,-1,,
T309,Sandro Mamukelashvili,SAS,C,-,-,-,-,-,-,-1,,
T309,Melvin Ajinca,FA,F,-,-,-,-,-,-,-1,,
T309,Sharife Cooper,FA,G,-,-,-,-,-,-,-1,,
T309,Cam Spencer,MEM,G,-,-,-,-,-,-,-1,GTD,Ankle
T309,Johnny Furphy,IND,F,-,-,-,-,-,1221.12,-1,GTD,Ankle
T309,David Roddy,ATL,F,-,-,-,-,-,1260.51,-1,,
T309,Brandon Williams,DAL,G,-,-,-,-,-,-,-1,,
T309,Tristen Newton,IND,G,-,-,-,-,-,-,-1,,
T309,John Wall,FA,G,-,-,-,-,-,-,-1,,
T309,Johnny Davis,WAS,G,-,-,-,-,-,1378.4,-1,,
T309,Dean Wade,CLE,F,-,-,-,-,-,1319.1,-1,,
T309,Isaiah Mobley,FA,F,-,-,-,-,-,-,-1,,
T309,Boban Marjanovic,FA,C,-,-,-,-,-,-,-1,,
T309,Harrison Ingram,SAS,F,-,-,-,-,-,-,-1,,
T309,Cassius Winston,FA,G,-,-,-,-,-,-,-1,,
T309,Dillon Jones,OKC,F,-,-,-,-,-,-,-1,,
T309,AJ Green,MIL,G,-,-,-,-,-,1351.1,-1,,
T309,JT Thor,CLE,F,-,-,-,-,-,1349.4,-1,,
T309,Lindy Waters,GSW,F,-,-,-,-,-,-,-1,,
T309,Jaylen Wells,MEM,F,-,-,-,-,-,-,-1,,
T309,Robin Lopez,FA,C,-,-,-,-,-,-,-1,,
T309,Jaden Springer,BOS,G,-,-,-,-,-,1386.4,-1,,
T309,Victor Oladipo,FA,G,-,-,-,-,-,-,-1,,
T309,Kessler Edwards,DAL,F,-,-,-,-,-,-,-1,GTD,Ankle
T309,Patric Young,FA,C,-,-,-,-,-,-,-1,,
T309,Jaylon Tyson,CLE,F,-,-,-,-,-,-,-1,,
T309,AJ Johnson,MIL,G,-,-,-,-,-,-,-1,,
T309,Blake Griffin,FA,C,-,-,-,-,-,-,-1,,
T309,Tacko Fall,FA,C,-,-,-,-,-,-,-1,,
T309,Antonio Reeves,NOP,G,-,-,-,-,-,1223.09,-1,,
T309,Pacome Dadiet,NYK,F,-,-,-,-,-,1233.4,-1,,
T309,Ousmane Dieng,OKC,F,-,-,-,-,-,1301.1,-1,,
T309,Aaron Wiggins,OKC,F,-,-,-,-,-,1136.28,-1,,
T309,Nikola Topic,OKC,G,-,-,-,-,-,1169.62,-1,OUT,Knee
T309,Lonnie Walker,FA,F,-,-,-,-,-,1328.4,-1,,
T309,Baylor Scheierman,BOS,G,-,-,-,-,-,-,-1,,
T309,Leaky Black,FA,F,-,-,-,-,-,-,-1,,
T309,JD Davison,BOS,G,-,-,-,-,-,-,-1,,
T309,Joe Young,FA,G,-,-,-,-,-,-,-1,,
T309,Mac McClung,ORL,G,-,-,-,-,-,-,-1,,
T309,Justin Holiday,FA,F,-,-,-,-,-,-,-1,,
T309,Thaddeus Young,FA,F,-,-,-,-,-,-,-1,,
T309,Joe Ingles,MIN,F,-,-,-,-,-,1254.19,-1,GTD,Rest
T309,Tyler Kolek,NYK,G,-,-,-,-,-,-,-1,,
T309,Wang Zhelin,FA,C,-,-,-,-,-,-,-1,,
T309,Robert Woodard,FA,F,-,-,-,-,-,-,-1,,
T309,Paul Zipser,FA,F,-,-,-,-,-,-,-1,,
T309,Moses Wright,FA,C,-,-,-,-,-,-,-1,,
T309,Cody Zeller,ATL,C,-,-,-,-,-,-,-1,GTD,Undisclosed
T309,Andre Iguodala,FA,F,-,-,-,-,-,-,-1,,
T309,McKinley Wright,FA,G,-,-,-,-,-,-,-1,GTD,Ankle
T309,Rudy Gay,FA,F,-,-,-,-,-,-,-1,,
T309,Mo Bamba,LAC,C,-,-,-,-,-,392.53,-1,GTD,Knee
T309,Rade Zagorac,FA,F,-,-,-,-,-,-,-1,,
T309,Marcus Zegarowski,FA,G,-,-,-,-,-,-,-1,GTD,Knee
T309,Jordan Walsh,BOS,F,-,-,-,-,-,-,-1,,
T309,Jared Butler,WAS,G,-,-,-,-,-,-,-1,,
T309,Derrick Rose,FA,G,-,-,-,-,-,1131.2,-1,,
T309,Thanasis Antetokounmpo,FA,F,139.6,139.61,-,-,-,403.1,-1,OUT,Achilles
T309,Seth Curry,CHA,G,139.0,138.99,-,-,-,1135.4,-1,,
T309,Rob Dillingham,MIN,G,136.6,136.57,-,-,-,-,-1,,